Variety;Treatment;Id;Plant;Leaf;Date;Time;Fm.;PAR;Temp;Y..II.;ETR;SPAD;alpha;ETRm;Ik
V3;C;2;C_V3_2;9;06/10/2020;09:16:35;1390;128;29.3;0.394;21.2;36.5;0.196;30.595;156.422
V3;C;2;C_V3_2;9;06/10/2020;09:16:55;1284;195;29.2;0.309;25.3;36.5;0.196;30.595;156.422
V3;C;2;C_V3_2;9;06/10/2020;09:16:15;1667;0;29.6;0.693;0;36.5;0.196;30.595;156.422
V3;C;2;C_V3_2;9;06/10/2020;09:18:15;1132;842;29.9;0.087;30.8;36.5;0.196;30.595;156.422
V3;C;2;C_V3_2;9;06/10/2020;09:18:35;1103;1178;30.1;0.063;31.2;36.5;0.196;30.595;156.422
V3;C;2;C_V3_2;9;06/10/2020;09:17:15;1223;292;29.4;0.235;28.8;36.5;0.196;30.595;156.422
V3;C;2;C_V3_2;9;06/10/2020;09:17:35;1203;430;29.5;0.171;30.9;36.5;0.196;30.595;156.422
V3;C;2;C_V3_2;9;06/10/2020;09:17:55;1176;645;29.6;0.113;30.6;36.5;0.196;30.595;156.422
V3;C;2;C_V3_2;9;06/10/2020;09:18:55;1070;1536;30.6;0.046;29.7;36.5;0.196;30.595;156.422
V3;C;3;C_V3_3;9;07/10/2020;08:32:47;1058;417;27.8;0.128;22.4;33.8;0.174;22.261;127.857
V3;C;3;C_V3_3;9;07/10/2020;08:33:47;968;1143;28.8;0.045;21.6;33.8;0.174;22.261;127.857
V3;C;3;C_V3_3;9;07/10/2020;08:31:47;1171;123;27.3;0.326;16.8;33.8;0.174;22.261;127.857
V3;C;3;C_V3_3;9;07/10/2020;08:32:27;1083;282;27.8;0.183;21.7;33.8;0.174;22.261;127.857
V3;C;3;C_V3_3;9;07/10/2020;08:31:27;1452;0;27.5;0.677;0;33.8;0.174;22.261;127.857
V3;C;3;C_V3_3;9;07/10/2020;08:32:07;1116;188;27.6;0.25;19.7;33.8;0.174;22.261;127.857
V3;C;3;C_V3_3;9;07/10/2020;08:33:27;992;816;28.3;0.064;21.9;33.8;0.174;22.261;127.857
V3;C;3;C_V3_3;9;07/10/2020;08:34:07;947;1491;29.1;0.037;23.2;33.8;0.174;22.261;127.857
V3;C;3;C_V3_3;9;07/10/2020;08:33:07;1031;624;28.3;0.085;22.3;33.8;0.174;22.261;127.857
V3;C;4;C_V3_4;9;08/10/2020;08:26:54;1498;123;26.5;0.4;20.7;30.1;0.201;28.553;141.757
V3;C;4;C_V3_4;9;08/10/2020;08:27:14;1458;188;27;0.308;24.3;30.1;0.201;28.553;141.757
V3;C;4;C_V3_4;9;08/10/2020;08:27:54;1402;417;27.6;0.159;27.8;30.1;0.201;28.553;141.757
V3;C;4;C_V3_4;9;08/10/2020;08:26:34;1656;0;26.5;0.719;0;30.1;0.201;28.553;141.757
V3;C;4;C_V3_4;9;08/10/2020;08:28:14;1372;625;27.8;0.105;27.6;30.1;0.201;28.553;141.757
V3;C;4;C_V3_4;9;08/10/2020;08:28:54;1298;1144;28.6;0.062;29.8;30.1;0.201;28.553;141.757
V3;C;4;C_V3_4;9;08/10/2020;08:27:34;1430;282;27.3;0.225;26.6;30.1;0.201;28.553;141.757
V3;C;4;C_V3_4;9;08/10/2020;08:28:34;1328;817;28.1;0.082;28.1;30.1;0.201;28.553;141.757
V3;C;4;C_V3_4;9;08/10/2020;08:29:14;1241;1492;28.8;0.048;30.1;30.1;0.201;28.553;141.757
V3;C;7;C_V3_7;9;06/10/2020;09:20:56;1388;128;29.2;0.436;23.4;31.1;0.219;34.359;156.736
V3;C;7;C_V3_7;9;06/10/2020;09:23:16;895;1539;30.6;0.054;34.9;31.1;0.219;34.359;156.736
V3;C;7;C_V3_7;9;06/10/2020;09:20:36;1627;0;29.9;0.679;0;31.1;0.219;34.359;156.736
V3;C;7;C_V3_7;9;06/10/2020;09:21:36;1159;292;29.2;0.269;33;31.1;0.219;34.359;156.736
V3;C;7;C_V3_7;9;06/10/2020;09:22:16;1047;646;29.6;0.122;33.1;31.1;0.219;34.359;156.736
V3;C;7;C_V3_7;9;06/10/2020;09:21:56;1106;432;29.4;0.185;33.6;31.1;0.219;34.359;156.736
V3;C;7;C_V3_7;9;06/10/2020;09:22:36;989;844;29.9;0.099;35.1;31.1;0.219;34.359;156.736
V3;C;7;C_V3_7;9;06/10/2020;09:21:16;1256;195;29;0.35;28.7;31.1;0.219;34.359;156.736
V3;C;7;C_V3_7;9;06/10/2020;09:22:56;937;1181;30.3;0.07;34.7;31.1;0.219;34.359;156.736
V3;C;8;C_V3_8;9;07/10/2020;08:37:07;895;821;29.4;0.072;24.8;25.9;0.25;24.21;96.752
V3;C;8;C_V3_8;9;07/10/2020;08:36:27;940;419;28.8;0.144;25.3;25.9;0.25;24.21;96.752
V3;C;8;C_V3_8;9;07/10/2020;08:36:07;977;283;28.6;0.209;24.8;25.9;0.25;24.21;96.752
V3;C;8;C_V3_8;9;07/10/2020;08:35:47;1038;189;28.6;0.295;23.4;25.9;0.25;24.21;96.752
V3;C;8;C_V3_8;9;07/10/2020;08:37:47;854;1500;30.1;0.036;22.7;25.9;0.25;24.21;96.752
V3;C;8;C_V3_8;9;07/10/2020;08:36:47;915;628;29;0.092;24.3;25.9;0.25;24.21;96.752
V3;C;8;C_V3_8;9;07/10/2020;08:35:07;1503;0;28.8;0.647;0;25.9;0.25;24.21;96.752
V3;C;8;C_V3_8;9;07/10/2020;08:37:27;873;1149;29.6;0.048;23.2;25.9;0.25;24.21;96.752
V3;C;8;C_V3_8;9;07/10/2020;08:35:27;1152;124;28.6;0.395;20.6;25.9;0.25;24.21;96.752
V3;C;9;C_V3_9;9;08/10/2020;08:31:06;1376;189;28.8;0.316;25.1;34;0.204;29.386;144.305
V3;C;9;C_V3_9;9;08/10/2020;08:32:26;1245;822;30.1;0.088;30.4;34;0.204;29.386;144.305
V3;C;9;C_V3_9;9;08/10/2020;08:31:46;1306;420;29.4;0.165;29.1;34;0.204;29.386;144.305
V3;C;9;C_V3_9;9;08/10/2020;08:32:06;1278;629;29.8;0.11;29.1;34;0.204;29.386;144.305
V3;C;9;C_V3_9;9;08/10/2020;08:30:26;1657;0;28.8;0.68;0;34;0.204;29.386;144.305
V3;C;9;C_V3_9;9;08/10/2020;08:32:46;1206;1152;30.4;0.061;29.5;34;0.204;29.386;144.305
V3;C;9;C_V3_9;9;08/10/2020;08:31:26;1337;284;29.3;0.234;27.9;34;0.204;29.386;144.305
V3;C;9;C_V3_9;9;08/10/2020;08:30:46;1454;124;28.8;0.4;20.8;34;0.204;29.386;144.305
V3;C;9;C_V3_9;9;08/10/2020;08:33:06;1160;1502;30.9;0.046;29;34;0.204;29.386;144.305
V3;S-AF;2;D_V3_2;9;06/10/2020;10:11:16;1347;846;30.4;0.099;35.2;35.3;0.189;36.132;191.29
V3;S-AF;2;D_V3_2;9;06/10/2020;10:10:16;1306;294;29.5;0.252;31.1;35.3;0.189;36.132;191.29
V3;S-AF;2;D_V3_2;9;06/10/2020;10:11:36;1314;1184;30.9;0.078;38.8;35.3;0.189;36.132;191.29
V3;S-AF;2;D_V3_2;9;06/10/2020;10:10:56;1346;648;30.1;0.126;34.3;35.3;0.189;36.132;191.29
V3;S-AF;2;D_V3_2;9;06/10/2020;10:10:36;1327;433;29.6;0.188;34.2;35.3;0.189;36.132;191.29
V3;S-AF;2;D_V3_2;9;06/10/2020;10:09:56;1326;196;29.4;0.334;27.5;35.3;0.189;36.132;191.29
V3;S-AF;2;D_V3_2;9;06/10/2020;10:09:16;1586;0;30.1;0.735;0;35.3;0.189;36.132;191.29
V3;S-AF;2;D_V3_2;9;06/10/2020;10:09:36;1406;129;29.5;0.424;23;35.3;0.189;36.132;191.29
V3;S-AF;2;D_V3_2;9;06/10/2020;10:11:56;1267;1543;31.4;0.059;38.2;35.3;0.189;36.132;191.29
V3;S-AF;3;D_V3_3;9;07/10/2020;09:55:37;1347;434;29.1;0.242;44.1;41.6;0.202;49.894;247.221
V3;S-AF;3;D_V3_3;9;07/10/2020;09:54:37;1525;129;29.1;0.492;26.7;41.6;0.202;49.894;247.221
V3;S-AF;3;D_V3_3;9;07/10/2020;09:56:56;1268;1546;30.9;0.084;54.5;41.6;0.202;49.894;247.221
V3;S-AF;3;D_V3_3;9;07/10/2020;09:54:57;1413;196;28.9;0.403;33.2;41.6;0.202;49.894;247.221
V3;S-AF;3;D_V3_3;9;07/10/2020;09:54:17;1650;0;29.5;0.718;0;41.6;0.202;49.894;247.221
V3;S-AF;3;D_V3_3;9;07/10/2020;09:56:36;1310;1186;30.4;0.099;49.3;41.6;0.202;49.894;247.221
V3;S-AF;3;D_V3_3;9;07/10/2020;09:55:17;1363;294;28.9;0.322;39.8;41.6;0.202;49.894;247.221
V3;S-AF;3;D_V3_3;9;07/10/2020;09:55:57;1335;649;29.6;0.177;48.2;41.6;0.202;49.894;247.221
V3;S-AF;3;D_V3_3;9;07/10/2020;09:56:17;1341;848;29.9;0.139;49.5;41.6;0.202;49.894;247.221
V3;S-AF;4;D_V3_4;9;08/10/2020;09:36:52;1477;0;30.9;0.72;0;39.1;0.248;46.922;189.511
V3;S-AF;4;D_V3_4;9;08/10/2020;09:39:31;1298;1548;31.6;0.077;50.1;39.1;0.248;46.922;189.511
V3;S-AF;4;D_V3_4;9;08/10/2020;09:37:32;1435;196;30.4;0.44;36.2;39.1;0.248;46.922;189.511
V3;S-AF;4;D_V3_4;9;08/10/2020;09:38:52;1352;849;31;0.132;47.1;39.1;0.248;46.922;189.511
V3;S-AF;4;D_V3_4;9;08/10/2020;09:39:12;1321;1188;31.4;0.097;48.4;39.1;0.248;46.922;189.511
V3;S-AF;4;D_V3_4;9;08/10/2020;09:37:12;1470;129;30.6;0.544;29.5;39.1;0.248;46.922;189.511
V3;S-AF;4;D_V3_4;9;08/10/2020;09:38:12;1387;434;30.6;0.241;43.9;39.1;0.248;46.922;189.511
V3;S-AF;4;D_V3_4;9;08/10/2020;09:38:32;1369;650;30.9;0.164;44.8;39.1;0.248;46.922;189.511
V3;S-AF;4;D_V3_4;9;08/10/2020;09:37:52;1405;295;30.5;0.332;41.1;39.1;0.248;46.922;189.511
V3;S-AF;7;D_V3_7;9;06/10/2020;10:15:54;1060;1184;30.9;0.128;63.7;39.7;0.249;65.074;260.921
V3;S-AF;7;D_V3_7;9;06/10/2020;10:16:14;1018;1544;31.5;0.106;68.7;39.7;0.249;65.074;260.921
V3;S-AF;7;D_V3_7;9;06/10/2020;10:15:14;1163;648;30.1;0.24;65.3;39.7;0.249;65.074;260.921
V3;S-AF;7;D_V3_7;9;06/10/2020;10:14:54;1230;433;29.9;0.314;57.1;39.7;0.249;65.074;260.921
V3;S-AF;7;D_V3_7;9;06/10/2020;10:14:14;1353;196;29.5;0.517;42.6;39.7;0.249;65.074;260.921
V3;S-AF;7;D_V3_7;9;06/10/2020;10:14:34;1287;294;29.6;0.42;51.9;39.7;0.249;65.074;260.921
V3;S-AF;7;D_V3_7;9;06/10/2020;10:13:34;1496;0;29.6;0.695;0;39.7;0.249;65.074;260.921
V3;S-AF;7;D_V3_7;9;06/10/2020;10:13:54;1447;129;29.5;0.572;31;39.7;0.249;65.074;260.921
V3;S-AF;7;D_V3_7;9;06/10/2020;10:15:34;1114;846;30.4;0.18;64;39.7;0.249;65.074;260.921
V3;S-AF;8;D_V3_8;9;07/10/2020;09:58:22;1497;0;29.7;0.703;0;42.1;0.263;68.87;261.458
V3;S-AF;8;D_V3_8;9;07/10/2020;09:59:22;1377;294;29.4;0.442;54.6;42.1;0.263;68.87;261.458
V3;S-AF;8;D_V3_8;9;07/10/2020;09:59:42;1331;434;29.6;0.343;62.5;42.1;0.263;68.87;261.458
V3;S-AF;8;D_V3_8;9;07/10/2020;09:58:42;1517;129;29.4;0.603;32.7;42.1;0.263;68.87;261.458
V3;S-AF;8;D_V3_8;9;07/10/2020;10:00:43;1207;1186;30.2;0.147;73.2;42.1;0.263;68.87;261.458
V3;S-AF;8;D_V3_8;9;07/10/2020;10:00:22;1261;847;29.9;0.194;69;42.1;0.263;68.87;261.458
V3;S-AF;8;D_V3_8;9;07/10/2020;10:00:02;1282;649;29.6;0.246;67.1;42.1;0.263;68.87;261.458
V3;S-AF;8;D_V3_8;9;07/10/2020;09:59:02;1440;196;29.4;0.541;44.5;42.1;0.263;68.87;261.458
V3;S-AF;8;D_V3_8;9;07/10/2020;10:01:03;1149;1547;30.6;0.102;66.3;42.1;0.263;68.87;261.458
V3;S-AF;9;D_V3_9;9;08/10/2020;09:35:23;1077;1188;32.2;0.11;54.9;42.7;0.241;53.568;222.317
V3;S-AF;9;D_V3_9;9;08/10/2020;09:35:03;1133;849;31.6;0.153;54.6;42.7;0.241;53.568;222.317
V3;S-AF;9;D_V3_9;9;08/10/2020;09:33:23;1447;129;30.4;0.536;29;42.7;0.241;53.568;222.317
V3;S-AF;9;D_V3_9;9;08/10/2020;09:34:43;1198;650;31.1;0.193;52.7;42.7;0.241;53.568;222.317
V3;S-AF;9;D_V3_9;9;08/10/2020;09:33:03;1561;0;30.9;0.727;0;42.7;0.241;53.568;222.317
V3;S-AF;9;D_V3_9;9;08/10/2020;09:35:43;1024;1549;32.7;0.081;52.7;42.7;0.241;53.568;222.317
V3;S-AF;9;D_V3_9;9;08/10/2020;09:33:43;1372;196;30.2;0.461;37.9;42.7;0.241;53.568;222.317
V3;S-AF;9;D_V3_9;9;08/10/2020;09:34:23;1263;434;30.7;0.278;50.7;42.7;0.241;53.568;222.317
V3;S-AF;9;D_V3_9;9;08/10/2020;09:34:03;1313;295;30.4;0.368;45.6;42.7;0.241;53.568;222.317
V3;S;2;L_V3_2;9;06/10/2020;11:30:04;1119;1554;32.7;0.071;46.3;39.9;0.251;47.029;187.259
V3;S;2;L_V3_2;9;06/10/2020;11:28:04;1517;197;31.1;0.44;36.4;39.9;0.251;47.029;187.259
V3;S;2;L_V3_2;9;06/10/2020;11:29:04;1291;652;31.6;0.17;46.6;39.9;0.251;47.029;187.259
V3;S;2;L_V3_2;9;06/10/2020;11:29:24;1233;851;31.9;0.135;48.3;39.9;0.251;47.029;187.259
V3;S;2;L_V3_2;9;06/10/2020;11:29:44;1173;1191;32.2;0.095;47.5;39.9;0.251;47.029;187.259
V3;S;2;L_V3_2;9;06/10/2020;11:28:44;1359;436;31.4;0.251;46;39.9;0.251;47.029;187.259
V3;S;2;L_V3_2;9;06/10/2020;11:28:24;1435;296;31.1;0.341;42.4;39.9;0.251;47.029;187.259
V3;S;2;L_V3_2;9;06/10/2020;11:27:44;1607;130;31.1;0.533;29.1;39.9;0.251;47.029;187.259
V3;S;2;L_V3_2;9;06/10/2020;11:27:24;1655;1;31.4;0.712;0.3;39.9;0.251;47.029;187.259
V3;S;3;L_V3_3;9;07/10/2020;11:04:34;1214;851;31.1;0.222;79.3;42.8;0.255;80.955;317.147
V3;S;3;L_V3_3;9;07/10/2020;11:03:34;1345;295;30.9;0.468;58;42.8;0.255;80.955;317.147
V3;S;3;L_V3_3;9;07/10/2020;11:05:14;1102;1552;31.9;0.128;83.4;42.8;0.255;80.955;317.147
V3;S;3;L_V3_3;9;07/10/2020;11:02:54;1398;129;30.9;0.615;33.3;42.8;0.255;80.955;317.147
V3;S;3;L_V3_3;9;07/10/2020;11:03:14;1382;197;30.8;0.561;46.4;42.8;0.255;80.955;317.147
V3;S;3;L_V3_3;9;07/10/2020;11:04:14;1263;651;30.9;0.272;74.4;42.8;0.255;80.955;317.147
V3;S;3;L_V3_3;9;07/10/2020;11:04:54;1156;1189;31.6;0.167;83.4;42.8;0.255;80.955;317.147
V3;S;3;L_V3_3;9;07/10/2020;11:03:54;1300;435;31.1;0.382;69.8;42.8;0.255;80.955;317.147
V3;S;3;L_V3_3;9;07/10/2020;11:02:34;1373;0;31.4;0.696;0;42.8;0.255;80.955;317.147
V3;S;4;L_V3_4;9;08/10/2020;11:17:07;1245;1190;31.3;0.11;55;38.5;0.264;52.875;200.613
V3;S;4;L_V3_4;9;08/10/2020;11:15:27;1492;197;30.3;0.483;40;38.5;0.264;52.875;200.613
V3;S;4;L_V3_4;9;08/10/2020;11:16:47;1305;852;30.8;0.148;53;38.5;0.264;52.875;200.613
V3;S;4;L_V3_4;9;08/10/2020;11:15:47;1445;295;30.4;0.376;46.6;38.5;0.264;52.875;200.613
V3;S;4;L_V3_4;9;08/10/2020;11:16:27;1352;652;30.6;0.184;50.4;38.5;0.264;52.875;200.613
V3;S;4;L_V3_4;9;08/10/2020;11:14:47;1597;0;30.6;0.708;0;38.5;0.264;52.875;200.613
V3;S;4;L_V3_4;9;08/10/2020;11:17:27;1197;1553;31.5;0.083;54.1;38.5;0.264;52.875;200.613
V3;S;4;L_V3_4;9;08/10/2020;11:15:07;1553;129;30.4;0.569;30.8;38.5;0.264;52.875;200.613
V3;S;4;L_V3_4;9;08/10/2020;11:16:07;1399;435;30.6;0.277;50.6;38.5;0.264;52.875;200.613
V3;S;7;L_V3_7;9;06/10/2020;11:31:27;1422;1;31.4;0.709;0.3;43.8;0.237;47.642;200.662
V3;S;7;L_V3_7;9;06/10/2020;11:31:47;1402;130;31.6;0.519;28.3;43.8;0.237;47.642;200.662
V3;S;7;L_V3_7;9;06/10/2020;11:32:07;1336;197;31.6;0.43;35.6;43.8;0.237;47.642;200.662
V3;S;7;L_V3_7;9;06/10/2020;11:32:27;1266;296;31.7;0.337;41.9;43.8;0.237;47.642;200.662
V3;S;7;L_V3_7;9;06/10/2020;11:34:07;966;1553;33.2;0.073;47.6;43.8;0.237;47.642;200.662
V3;S;7;L_V3_7;9;06/10/2020;11:32:47;1194;436;31.9;0.25;45.8;43.8;0.237;47.642;200.662
V3;S;7;L_V3_7;9;06/10/2020;11:33:07;1132;652;32.2;0.17;46.6;43.8;0.237;47.642;200.662
V3;S;7;L_V3_7;9;06/10/2020;11:33:47;1016;1191;32.8;0.098;49;43.8;0.237;47.642;200.662
V3;S;7;L_V3_7;9;06/10/2020;11:33:27;1071;852;32.6;0.135;48.3;43.8;0.237;47.642;200.662
V3;S;8;L_V3_8;9;07/10/2020;11:08:04;944;435;33;0.242;44.2;41.7;0.154;56.472;367.122
V3;S;8;L_V3_8;9;07/10/2020;11:07:04;1140;129;33;0.411;22.3;41.7;0.154;56.472;367.122
V3;S;8;L_V3_8;9;07/10/2020;11:08:44;901;851;33.2;0.149;53.3;41.7;0.154;56.472;367.122
V3;S;8;L_V3_8;9;07/10/2020;11:09:24;860;1553;33.5;0.097;63.3;41.7;0.154;56.472;367.122
V3;S;8;L_V3_8;9;07/10/2020;11:08:24;920;652;33.1;0.179;49;41.7;0.154;56.472;367.122
V3;S;8;L_V3_8;9;07/10/2020;11:07:44;980;295;33;0.303;37.5;41.7;0.154;56.472;367.122
V3;S;8;L_V3_8;9;07/10/2020;11:09:04;882;1191;33.3;0.111;55.5;41.7;0.154;56.472;367.122
V3;S;8;L_V3_8;9;07/10/2020;11:07:24;1039;197;32.9;0.365;30.2;41.7;0.154;56.472;367.122
V3;S;8;L_V3_8;9;07/10/2020;11:06:44;1524;0;32.9;0.649;0;41.7;0.154;56.472;367.122
V3;S;9;L_V3_9;9;08/10/2020;11:22:08;1260;1553;31.9;0.089;58.1;45.4;0.219;56.824;258.924
V3;S;9;L_V3_9;9;08/10/2020;11:20:08;1489;197;30.4;0.447;37;45.4;0.219;56.824;258.924
V3;S;9;L_V3_9;9;08/10/2020;11:20:48;1413;436;30.9;0.27;49.4;45.4;0.219;56.824;258.924
V3;S;9;L_V3_9;9;08/10/2020;11:20:28;1449;295;30.6;0.363;45;45.4;0.219;56.824;258.924
V3;S;9;L_V3_9;9;08/10/2020;11:21:28;1355;851;31.4;0.159;56.8;45.4;0.219;56.824;258.924
V3;S;9;L_V3_9;9;08/10/2020;11:19:48;1551;129;30.4;0.538;29.1;45.4;0.219;56.824;258.924
V3;S;9;L_V3_9;9;08/10/2020;11:21:48;1332;1191;31.6;0.12;60;45.4;0.219;56.824;258.924
V3;S;9;L_V3_9;9;08/10/2020;11:19:28;1619;1;30.4;0.713;0.3;45.4;0.219;56.824;258.924
V3;S;9;L_V3_9;9;08/10/2020;11:21:08;1386;652;31.1;0.198;54.2;45.4;0.219;56.824;258.924
V4;C;2;C_V4_2;9;06/10/2020;08:55:08;1199;635;28.5;0.17;45.3;37.1;0.26;41.805;160.978
V4;C;2;C_V4_2;9;06/10/2020;08:55:28;1147;830;28.8;0.121;42.2;37.1;0.26;41.805;160.978
V4;C;2;C_V4_2;9;06/10/2020;08:55:48;1037;1162;29.1;0.085;41.5;37.1;0.26;41.805;160.978
V4;C;2;C_V4_2;9;06/10/2020;08:56:08;952;1514;29.5;0.062;39.4;37.1;0.26;41.805;160.978
V4;C;2;C_V4_2;9;06/10/2020;08:54:48;1291;425;28.1;0.232;41.4;37.1;0.26;41.805;160.978
V4;C;2;C_V4_2;9;06/10/2020;08:53:29;1703;0;28.2;0.674;0;37.1;0.26;41.805;160.978
V4;C;2;C_V4_2;9;06/10/2020;08:53:49;1615;126;27.8;0.518;27.4;37.1;0.26;41.805;160.978
V4;C;2;C_V4_2;9;06/10/2020;08:54:08;1491;191;27.8;0.445;35.7;37.1;0.26;41.805;160.978
V4;C;2;C_V4_2;9;06/10/2020;08:54:28;1415;288;27.9;0.308;37.3;37.1;0.26;41.805;160.978
V4;C;3;C_V4_3;9;07/10/2020;09:09:01;1472;0;30.9;0.646;0;25.8;0.252;49.88;197.699
V4;C;3;C_V4_3;9;07/10/2020;09:11:41;707;1540;32.9;0.076;49.2;25.8;0.252;49.88;197.699
V4;C;3;C_V4_3;9;07/10/2020;09:10:41;827;646;31.7;0.183;49.7;25.8;0.252;49.88;197.699
V4;C;3;C_V4_3;9;07/10/2020;09:11:01;773;844;32.1;0.142;50.3;25.8;0.252;49.88;197.699
V4;C;3;C_V4_3;9;07/10/2020;09:10:01;1024;292;31.1;0.36;44.2;25.8;0.252;49.88;197.699
V4;C;3;C_V4_3;9;07/10/2020;09:09:21;1386;128;30.9;0.539;29;25.8;0.252;49.88;197.699
V4;C;3;C_V4_3;9;07/10/2020;09:11:21;735;1181;32.5;0.102;50.6;25.8;0.252;49.88;197.699
V4;C;3;C_V4_3;9;07/10/2020;09:09:41;1193;195;30.9;0.459;37.6;25.8;0.252;49.88;197.699
V4;C;3;C_V4_3;9;07/10/2020;09:10:21;906;432;31.4;0.268;48.6;25.8;0.252;49.88;197.699
V4;C;4;C_V4_4;9;08/10/2020;09:05:27;1231;195;31.2;0.403;33;35.2;0.245;40.714;166.288
V4;C;4;C_V4_4;9;08/10/2020;09:05:07;1431;128;31.1;0.503;27;35.2;0.245;40.714;166.288
V4;C;4;C_V4_4;9;08/10/2020;09:07:07;780;1183;32.4;0.081;40.2;35.2;0.245;40.714;166.288
V4;C;4;C_V4_4;9;08/10/2020;09:06:07;958;432;31.5;0.225;40.8;35.2;0.245;40.714;166.288
V4;C;4;C_V4_4;9;08/10/2020;09:06:27;882;647;31.7;0.153;41.6;35.2;0.245;40.714;166.288
V4;C;4;C_V4_4;9;08/10/2020;09:06:47;826;845;31.9;0.121;42.9;35.2;0.245;40.714;166.288
V4;C;4;C_V4_4;9;08/10/2020;09:05:47;1072;293;31.4;0.307;37.8;35.2;0.245;40.714;166.288
V4;C;4;C_V4_4;9;08/10/2020;09:07:26;746;1543;32.9;0.059;38.2;35.2;0.245;40.714;166.288
V4;C;4;C_V4_4;9;08/10/2020;09:04:47;1601;0;30.9;0.678;0;35.2;0.245;40.714;166.288
V4;C;7;C_V4_7;9;06/10/2020;08:50:01;1453;191;27.8;0.403;32.3;36.6;0.226;42.557;188.468
V4;C;7;C_V4_7;9;06/10/2020;08:52:00;1067;1510;28.6;0.066;41.9;36.6;0.226;42.557;188.468
V4;C;7;C_V4_7;9;06/10/2020;08:51:20;1199;828;28.1;0.125;43.5;36.6;0.226;42.557;188.468
V4;C;7;C_V4_7;9;06/10/2020;08:49:41;1576;125;27.8;0.489;25.7;36.6;0.226;42.557;188.468
V4;C;7;C_V4_7;9;06/10/2020;08:50:21;1367;287;27.8;0.313;37.7;36.6;0.226;42.557;188.468
V4;C;7;C_V4_7;9;06/10/2020;08:51:40;1131;1158;28.3;0.089;43.3;36.6;0.226;42.557;188.468
V4;C;7;C_V4_7;9;06/10/2020;08:51:01;1264;633;28;0.159;42.3;36.6;0.226;42.557;188.468
V4;C;7;C_V4_7;9;06/10/2020;08:49:21;1602;0;28.2;0.666;0;36.6;0.226;42.557;188.468
V4;C;7;C_V4_7;9;06/10/2020;08:50:41;1303;422;27.8;0.233;41.3;36.6;0.226;42.557;188.468
V4;C;8;C_V4_8;9;07/10/2020;09:06:30;816;430;30.9;0.31;56;31.8;0.256;54.481;213.007
V4;C;8;C_V4_8;9;07/10/2020;09:05:50;1114;195;30.6;0.475;38.9;31.8;0.256;54.481;213.007
V4;C;8;C_V4_8;9;07/10/2020;09:05:30;1273;128;30.6;0.526;28.3;31.8;0.256;54.481;213.007
V4;C;8;C_V4_8;9;07/10/2020;09:05:10;1210;0;30.6;0.603;0;31.8;0.256;54.481;213.007
V4;C;8;C_V4_8;9;07/10/2020;09:06:10;935;292;30.9;0.395;48.4;31.8;0.256;54.481;213.007
V4;C;8;C_V4_8;9;07/10/2020;09:07:30;655;1178;31.9;0.108;53.4;31.8;0.256;54.481;213.007
V4;C;8;C_V4_8;9;07/10/2020;09:07:50;634;1537;32.2;0.079;51;31.8;0.256;54.481;213.007
V4;C;8;C_V4_8;9;07/10/2020;09:06:50;729;644;31.2;0.203;54.9;31.8;0.256;54.481;213.007
V4;C;8;C_V4_8;9;07/10/2020;09:07:10;686;842;31.4;0.157;55.5;31.8;0.256;54.481;213.007
V4;C;9;C_V4_9;9;08/10/2020;09:02:06;945;432;30.6;0.255;46.3;34;0.247;46.33;187.564
V4;C;9;C_V4_9;9;08/10/2020;09:00:46;1521;0;30.7;0.669;0;34;0.247;46.33;187.564
V4;C;9;C_V4_9;9;08/10/2020;09:02:26;887;646;30.9;0.177;48;34;0.247;46.33;187.564
V4;C;9;C_V4_9;9;08/10/2020;09:03:26;767;1540;32.5;0.066;42.7;34;0.247;46.33;187.564
V4;C;9;C_V4_9;9;08/10/2020;09:03:06;799;1181;31.9;0.093;46.1;34;0.247;46.33;187.564
V4;C;9;C_V4_9;9;08/10/2020;09:02:46;838;844;31.4;0.136;48.2;34;0.247;46.33;187.564
V4;C;9;C_V4_9;9;08/10/2020;09:01:26;1188;195;30.8;0.437;35.8;34;0.247;46.33;187.564
V4;C;9;C_V4_9;9;08/10/2020;09:01:46;1037;292;30.7;0.339;41.6;34;0.247;46.33;187.564
V4;C;9;C_V4_9;9;08/10/2020;09:01:06;1382;128;30.8;0.519;27.9;34;0.247;46.33;187.564
V4;S-AF;2;D_V4_2;9;06/10/2020;10:05:41;1271;847;29.6;0.113;40.2;39.7;0.206;38.998;188.998
V4;S-AF;2;D_V4_2;9;06/10/2020;10:04:41;1353;294;29.1;0.276;34.1;39.7;0.206;38.998;188.998
V4;S-AF;2;D_V4_2;9;06/10/2020;10:05:21;1320;648;29.4;0.137;37.3;39.7;0.206;38.998;188.998
V4;S-AF;2;D_V4_2;9;06/10/2020;10:04:21;1396;196;29.1;0.362;29.8;39.7;0.206;38.998;188.998
V4;S-AF;2;D_V4_2;9;06/10/2020;10:06:21;1233;1545;30.2;0.06;38.9;39.7;0.206;38.998;188.998
V4;S-AF;2;D_V4_2;9;06/10/2020;10:03:41;1597;0;29.4;0.694;0;39.7;0.206;38.998;188.998
V4;S-AF;2;D_V4_2;9;06/10/2020;10:06:01;1260;1185;29.9;0.086;42.8;39.7;0.206;38.998;188.998
V4;S-AF;2;D_V4_2;9;06/10/2020;10:04:01;1500;129;29.1;0.463;25.1;39.7;0.206;38.998;188.998
V4;S-AF;2;D_V4_2;9;06/10/2020;10:05:01;1356;433;29.2;0.195;35.5;39.7;0.206;38.998;188.998
V4;S-AF;3;D_V4_3;9;07/10/2020;09:49:28;1641;129;29.4;0.548;29.7;44;0.241;50.619;210.359
V4;S-AF;3;D_V4_3;9;07/10/2020;09:49:08;1628;0;29.7;0.697;0;44;0.241;50.619;210.359
V4;S-AF;3;D_V4_3;9;07/10/2020;09:51:08;1335;848;29.9;0.156;55.6;44;0.241;50.619;210.359
V4;S-AF;3;D_V4_3;9;07/10/2020;09:50:08;1480;294;29.4;0.342;42.2;44;0.241;50.619;210.359
V4;S-AF;3;D_V4_3;9;07/10/2020;09:51:28;1296;1187;30.2;0.101;50.4;44;0.241;50.619;210.359
V4;S-AF;3;D_V4_3;9;07/10/2020;09:50:28;1403;434;29.4;0.259;47.2;44;0.241;50.619;210.359
V4;S-AF;3;D_V4_3;9;07/10/2020;09:49:48;1537;196;29.3;0.456;37.5;44;0.241;50.619;210.359
V4;S-AF;3;D_V4_3;9;07/10/2020;09:50:48;1370;649;29.6;0.172;46.9;44;0.241;50.619;210.359
V4;S-AF;3;D_V4_3;9;07/10/2020;09:51:48;1219;1546;30.6;0.08;51.9;44;0.241;50.619;210.359
V4;S-AF;4;D_V4_4;9;08/10/2020;09:59:55;1415;1547;31.6;0.033;21.4;40.4;0.131;21.484;164.421
V4;S-AF;4;D_V4_4;9;08/10/2020;09:57:35;1544;129;29.6;0.258;14;40.4;0.131;21.484;164.421
V4;S-AF;4;D_V4_4;9;08/10/2020;09:59:35;1464;1186;31.2;0.042;20.9;40.4;0.131;21.484;164.421
V4;S-AF;4;D_V4_4;9;08/10/2020;09:58:55;1539;649;30.6;0.077;21;40.4;0.131;21.484;164.421
V4;S-AF;4;D_V4_4;9;08/10/2020;09:58:35;1540;434;30.3;0.123;22.4;40.4;0.131;21.484;164.421
V4;S-AF;4;D_V4_4;9;08/10/2020;09:57:55;1498;196;29.9;0.214;17.6;40.4;0.131;21.484;164.421
V4;S-AF;4;D_V4_4;9;08/10/2020;09:58:15;1487;294;30;0.168;20.7;40.4;0.131;21.484;164.421
V4;S-AF;4;D_V4_4;9;08/10/2020;09:59:15;1511;848;30.9;0.06;21.4;40.4;0.131;21.484;164.421
V4;S-AF;4;D_V4_4;9;08/10/2020;09:57:15;1841;0;29.7;0.726;0;40.4;0.131;21.484;164.421
V4;S-AF;7;D_V4_7;9;06/10/2020;10:00:01;1323;196;29.4;0.407;33.5;41.7;0.239;44.318;185.737
V4;S-AF;7;D_V4_7;9;06/10/2020;10:02:01;956;1545;30.9;0.063;40.9;41.7;0.239;44.318;185.737
V4;S-AF;7;D_V4_7;9;06/10/2020;10:01:41;1001;1185;30.4;0.1;49.8;41.7;0.239;44.318;185.737
V4;S-AF;7;D_V4_7;9;06/10/2020;09:59:21;1596;0;29.6;0.709;0;41.7;0.239;44.318;185.737
V4;S-AF;7;D_V4_7;9;06/10/2020;10:00:41;1181;433;29.6;0.23;41.8;41.7;0.239;44.318;185.737
V4;S-AF;7;D_V4_7;9;06/10/2020;10:01:21;1055;847;30.1;0.122;43.4;41.7;0.239;44.318;185.737
V4;S-AF;7;D_V4_7;9;06/10/2020;10:01:01;1108;649;29.9;0.159;43.3;41.7;0.239;44.318;185.737
V4;S-AF;7;D_V4_7;9;06/10/2020;09:59:41;1455;129;29.4;0.493;26.7;41.7;0.239;44.318;185.737
V4;S-AF;7;D_V4_7;9;06/10/2020;10:00:21;1229;294;29.6;0.351;43.3;41.7;0.239;44.318;185.737
V4;S-AF;8;D_V4_8;9;07/10/2020;09:45:08;1682;0;30.1;0.697;0;42.4;0.243;44.86;184.684
V4;S-AF;8;D_V4_8;9;07/10/2020;09:47:28;1185;1186;29.9;0.089;44.3;42.4;0.243;44.86;184.684
V4;S-AF;8;D_V4_8;9;07/10/2020;09:46:28;1317;434;29.4;0.233;42.5;42.4;0.243;44.86;184.684
V4;S-AF;8;D_V4_8;9;07/10/2020;09:46:08;1383;294;29.4;0.327;40.4;42.4;0.243;44.86;184.684
V4;S-AF;8;D_V4_8;9;07/10/2020;09:45:48;1481;196;29.5;0.424;34.9;42.4;0.243;44.86;184.684
V4;S-AF;8;D_V4_8;9;07/10/2020;09:45:28;1614;129;29.6;0.52;28.2;42.4;0.243;44.86;184.684
V4;S-AF;8;D_V4_8;9;07/10/2020;09:46:48;1269;649;29.4;0.16;43.6;42.4;0.243;44.86;184.684
V4;S-AF;8;D_V4_8;9;07/10/2020;09:47:08;1215;848;29.8;0.138;49.2;42.4;0.243;44.86;184.684
V4;S-AF;8;D_V4_8;9;07/10/2020;09:47:48;1128;1546;30.1;0.068;44.2;42.4;0.243;44.86;184.684
V4;S-AF;9;D_V4_9;9;08/10/2020;09:52:50;1633;0;28.7;0.67;0;34.9;0.239;28.173;118.005
V4;S-AF;9;D_V4_9;9;08/10/2020;09:54:50;1097;848;29.3;0.08;28.5;34.9;0.239;28.173;118.005
V4;S-AF;9;D_V4_9;9;08/10/2020;09:54:30;1130;649;29;0.103;28.1;34.9;0.239;28.173;118.005
V4;S-AF;9;D_V4_9;9;08/10/2020;09:53:30;1294;196;28.6;0.317;26.1;34.9;0.239;28.173;118.005
V4;S-AF;9;D_V4_9;9;08/10/2020;09:53:50;1225;294;28.7;0.231;28.5;34.9;0.239;28.173;118.005
V4;S-AF;9;D_V4_9;9;08/10/2020;09:55:30;1037;1547;29.9;0.041;26.6;34.9;0.239;28.173;118.005
V4;S-AF;9;D_V4_9;9;08/10/2020;09:54:10;1171;434;28.8;0.16;29.2;34.9;0.239;28.173;118.005
V4;S-AF;9;D_V4_9;9;08/10/2020;09:53:10;1406;129;28.3;0.414;22.4;34.9;0.239;28.173;118.005
V4;S-AF;9;D_V4_9;9;08/10/2020;09:55:10;1068;1186;29.6;0.056;27.9;34.9;0.239;28.173;118.005
V4;S;2;L_V4_2;9;06/10/2020;11:11:28;1048;651;30.2;0.251;68.6;42.2;0.25;71.859;287.908
V4;S;2;L_V4_2;9;06/10/2020;11:10:48;1234;295;30.1;0.443;54.9;42.2;0.25;71.859;287.908
V4;S;2;L_V4_2;9;06/10/2020;11:11:08;1138;435;30.1;0.348;63.6;42.2;0.25;71.859;287.908
V4;S;2;L_V4_2;9;06/10/2020;11:09:48;1388;0;30.1;0.679;0;42.2;0.25;71.859;287.908
V4;S;2;L_V4_2;9;06/10/2020;11:10:08;1382;129;30.1;0.578;31.3;42.2;0.25;71.859;287.908
V4;S;2;L_V4_2;9;06/10/2020;11:12:08;901;1190;30.4;0.147;73.5;42.2;0.25;71.859;287.908
V4;S;2;L_V4_2;9;06/10/2020;11:12:28;838;1552;30.6;0.111;72.4;42.2;0.25;71.859;287.908
V4;S;2;L_V4_2;9;06/10/2020;11:11:48;970;851;30.3;0.201;71.8;42.2;0.25;71.859;287.908
V4;S;2;L_V4_2;9;06/10/2020;11:10:28;1324;197;30.1;0.527;43.6;42.2;0.25;71.859;287.908
V4;S;3;L_V4_3;9;07/10/2020;10:46:52;930;650;29.8;0.214;58.4;40.3;0.265;56.753;214.332
V4;S;3;L_V4_3;9;07/10/2020;10:47:32;865;1188;30.3;0.114;56.9;40.3;0.265;56.753;214.332
V4;S;3;L_V4_3;9;07/10/2020;10:47:12;891;849;29.9;0.16;57.1;40.3;0.265;56.753;214.332
V4;S;3;L_V4_3;9;07/10/2020;10:46:12;1095;295;29.6;0.417;51.7;40.3;0.265;56.753;214.332
V4;S;3;L_V4_3;9;07/10/2020;10:46:32;995;434;29.6;0.294;53.6;40.3;0.265;56.753;214.332
V4;S;3;L_V4_3;9;07/10/2020;10:45:52;1241;196;29.6;0.491;40.4;40.3;0.265;56.753;214.332
V4;S;3;L_V4_3;9;07/10/2020;10:45:32;1377;129;29.8;0.558;30.2;40.3;0.265;56.753;214.332
V4;S;3;L_V4_3;9;07/10/2020;10:47:52;836;1548;30.4;0.084;54.6;40.3;0.265;56.753;214.332
V4;S;3;L_V4_3;9;07/10/2020;10:45:12;1419;0;29.8;0.665;0;40.3;0.265;56.753;214.332
V4;S;4;L_V4_4;9;08/10/2020;10:56:00;1109;850;29.6;0.116;41.4;42.7;0.256;41.041;160.626
V4;S;4;L_V4_4;9;08/10/2020;10:54:00;1622;0;29.6;0.686;0;42.7;0.256;41.041;160.626
V4;S;4;L_V4_4;9;08/10/2020;10:56:40;1009;1550;30.1;0.058;37.8;42.7;0.256;41.041;160.626
V4;S;4;L_V4_4;9;08/10/2020;10:56:20;1055;1189;29.9;0.082;40.9;42.7;0.256;41.041;160.626
V4;S;4;L_V4_4;9;08/10/2020;10:54:40;1418;197;29.3;0.415;34.3;42.7;0.256;41.041;160.626
V4;S;4;L_V4_4;9;08/10/2020;10:55:00;1300;295;29.4;0.313;38.8;42.7;0.256;41.041;160.626
V4;S;4;L_V4_4;9;08/10/2020;10:55:20;1215;435;29.6;0.226;41.3;42.7;0.256;41.041;160.626
V4;S;4;L_V4_4;9;08/10/2020;10:55:40;1162;651;29.6;0.16;43.7;42.7;0.256;41.041;160.626
V4;S;4;L_V4_4;9;08/10/2020;10:54:20;1555;129;29.4;0.508;27.5;42.7;0.256;41.041;160.626
V4;S;7;L_V4_7;9;06/10/2020;11:14:39;1328;129;30.4;0.437;23.7;38.5;0.206;37.636;182.501
V4;S;7;L_V4_7;9;06/10/2020;11:15:39;1110;435;30.9;0.2;36.5;38.5;0.206;37.636;182.501
V4;S;7;L_V4_7;9;06/10/2020;11:16:59;957;1551;32.7;0.056;36.5;38.5;0.206;37.636;182.501
V4;S;7;L_V4_7;9;06/10/2020;11:14:59;1234;197;30.4;0.359;29.7;38.5;0.206;37.636;182.501
V4;S;7;L_V4_7;9;06/10/2020;11:16:39;996;1190;32.2;0.078;39;38.5;0.206;37.636;182.501
V4;S;7;L_V4_7;9;06/10/2020;11:15:19;1160;295;30.6;0.272;33.7;38.5;0.206;37.636;182.501
V4;S;7;L_V4_7;9;06/10/2020;11:14:19;1558;0;30.4;0.698;0;38.5;0.206;37.636;182.501
V4;S;7;L_V4_7;9;06/10/2020;11:16:19;1033;851;31.7;0.108;38.6;38.5;0.206;37.636;182.501
V4;S;7;L_V4_7;9;06/10/2020;11:15:59;1066;651;31.3;0.137;37.5;38.5;0.206;37.636;182.501
V4;S;8;L_V4_8;9;07/10/2020;10:49:53;1439;129;30;0.562;30.4;42.6;0.245;58.174;237.278
V4;S;8;L_V4_8;9;07/10/2020;10:50:13;1336;196;29.9;0.482;39.7;42.6;0.245;58.174;237.278
V4;S;8;L_V4_8;9;07/10/2020;10:50:53;1159;434;30.1;0.29;52.9;42.6;0.245;58.174;237.278
V4;S;8;L_V4_8;9;07/10/2020;10:49:33;1371;1;30.1;0.666;0.3;42.6;0.245;58.174;237.278
V4;S;8;L_V4_8;9;07/10/2020;10:51:32;1048;850;30.7;0.161;57.5;42.6;0.245;58.174;237.278
V4;S;8;L_V4_8;9;07/10/2020;10:52:12;948;1548;31.6;0.088;57.2;42.6;0.245;58.174;237.278
V4;S;8;L_V4_8;9;07/10/2020;10:51:12;1096;650;30.5;0.215;58.7;42.6;0.245;58.174;237.278
V4;S;8;L_V4_8;9;07/10/2020;10:50:33;1248;295;29.9;0.389;48.2;42.6;0.245;58.174;237.278
V4;S;8;L_V4_8;9;07/10/2020;10:51:52;995;1189;31.1;0.122;60.9;42.6;0.245;58.174;237.278
V4;S;9;L_V4_9;9;08/10/2020;10:58:39;1522;129;29.9;0.396;21.5;53.5;0.183;36.452;199.56
V4;S;9;L_V4_9;9;08/10/2020;11:00:19;1217;851;30.3;0.102;36.5;53.5;0.183;36.452;199.56
V4;S;9;L_V4_9;9;08/10/2020;10:59:59;1261;651;30.1;0.132;36.1;53.5;0.183;36.452;199.56
V4;S;9;L_V4_9;9;08/10/2020;10:59:39;1302;435;30.1;0.192;35.1;53.5;0.183;36.452;199.56
V4;S;9;L_V4_9;9;08/10/2020;11:00:59;1130;1551;30.9;0.056;36.5;53.5;0.183;36.452;199.56
V4;S;9;L_V4_9;9;08/10/2020;10:58:19;1724;0;30.1;0.705;0;53.5;0.183;36.452;199.56
V4;S;9;L_V4_9;9;08/10/2020;11:00:39;1168;1190;30.6;0.075;37.5;53.5;0.183;36.452;199.56
V4;S;9;L_V4_9;9;08/10/2020;10:58:59;1412;197;29.9;0.334;27.6;53.5;0.183;36.452;199.56
V4;S;9;L_V4_9;9;08/10/2020;10:59:19;1346;295;29.9;0.257;31.8;53.5;0.183;36.452;199.56
V5;C;2;C_V5_2;9;06/10/2020;08:47:18;974;824;28.8;0.155;53.6;44.4;0.25;53.736;214.536
V5;C;2;C_V5_2;9;06/10/2020;08:47:38;935;1153;29.6;0.12;58.1;44.4;0.25;53.736;214.536
V5;C;2;C_V5_2;9;06/10/2020;08:46:38;1107;421;28.2;0.285;50.4;44.4;0.25;53.736;214.536
V5;C;2;C_V5_2;9;06/10/2020;08:46:58;1038;630;28.5;0.198;52.4;44.4;0.25;53.736;214.536
V5;C;2;C_V5_2;9;06/10/2020;08:45:18;1669;0;28.1;0.725;0;44.4;0.25;53.736;214.536
V5;C;2;C_V5_2;9;06/10/2020;08:47:58;849;1504;30.1;0.082;51.8;44.4;0.25;53.736;214.536
V5;C;2;C_V5_2;9;06/10/2020;08:45:38;1472;125;28.1;0.556;29.2;44.4;0.25;53.736;214.536
V5;C;2;C_V5_2;9;06/10/2020;08:45:58;1323;190;27.8;0.48;38.3;44.4;0.25;53.736;214.536
V5;C;2;C_V5_2;9;06/10/2020;08:46:18;1197;285;28.1;0.383;45.8;44.4;0.25;53.736;214.536
V5;C;3;C_V5_3;9;07/10/2020;09:21:03;634;1546;33.2;0.084;54.5;45.8;0.253;55.347;219.048
V5;C;3;C_V5_3;9;07/10/2020;09:18:23;1547;0;31.6;0.723;0;45.8;0.253;55.347;219.048
V5;C;3;C_V5_3;9;07/10/2020;09:20:03;779;649;31.9;0.205;55.9;45.8;0.253;55.347;219.048
V5;C;3;C_V5_3;9;07/10/2020;09:19:23;981;294;31.6;0.383;47.3;45.8;0.253;55.347;219.048
V5;C;3;C_V5_3;9;07/10/2020;09:20:43;665;1186;32.8;0.108;53.8;45.8;0.253;55.347;219.048
V5;C;3;C_V5_3;9;07/10/2020;09:18:43;1327;129;31.6;0.555;30.1;45.8;0.253;55.347;219.048
V5;C;3;C_V5_3;9;07/10/2020;09:19:43;864;434;31.6;0.293;53.4;45.8;0.253;55.347;219.048
V5;C;3;C_V5_3;9;07/10/2020;09:19:03;1139;196;31.6;0.477;39.3;45.8;0.253;55.347;219.048
V5;C;3;C_V5_3;9;07/10/2020;09:20:23;716;847;32.4;0.161;57.3;45.8;0.253;55.347;219.048
V5;C;4;C_V5_4;9;08/10/2020;09:14:43;904;650;32.4;0.181;49.4;48.7;0.275;49.83;181.383
V5;C;4;C_V5_4;9;08/10/2020;09:13:23;1502;129;31.4;0.575;31.2;48.7;0.275;49.83;181.383
V5;C;4;C_V5_4;9;08/10/2020;09:13:43;1308;196;31.4;0.479;39.4;48.7;0.275;49.83;181.383
V5;C;4;C_V5_4;9;08/10/2020;09:13:03;1626;0;31.6;0.724;0;48.7;0.275;49.83;181.383
V5;C;4;C_V5_4;9;08/10/2020;09:15:43;725;1547;33.8;0.076;49.4;48.7;0.275;49.83;181.383
V5;C;4;C_V5_4;9;08/10/2020;09:15:23;771;1188;33.3;0.102;50.9;48.7;0.275;49.83;181.383
V5;C;4;C_V5_4;9;08/10/2020;09:14:03;1135;294;31.7;0.367;45.3;48.7;0.275;49.83;181.383
V5;C;4;C_V5_4;9;08/10/2020;09:14:23;1002;434;32.1;0.263;47.9;48.7;0.275;49.83;181.383
V5;C;4;C_V5_4;9;08/10/2020;09:15:03;830;849;32.9;0.143;51;48.7;0.275;49.83;181.383
V5;C;7;C_V5_7;9;06/10/2020;08:42:13;1170;283;26.8;0.408;48.5;43.9;0.246;59.616;242.348
V5;C;7;C_V5_7;9;06/10/2020;08:42:33;1056;419;27.1;0.302;53.1;43.9;0.246;59.616;242.348
V5;C;7;C_V5_7;9;06/10/2020;08:43:53;760;1497;28.6;0.097;61;43.9;0.246;59.616;242.348
V5;C;7;C_V5_7;9;06/10/2020;08:41:33;1479;124;26.5;0.58;30.2;43.9;0.246;59.616;242.348
V5;C;7;C_V5_7;9;06/10/2020;08:41:13;1603;0;26.6;0.714;0;43.9;0.246;59.616;242.348
V5;C;7;C_V5_7;9;06/10/2020;08:42:53;968;627;27.3;0.217;57.1;43.9;0.246;59.616;242.348
V5;C;7;C_V5_7;9;06/10/2020;08:43:33;822;1148;28.1;0.13;62.7;43.9;0.246;59.616;242.348
V5;C;7;C_V5_7;9;06/10/2020;08:41:53;1304;189;26.5;0.492;39.1;43.9;0.246;59.616;242.348
V5;C;7;C_V5_7;9;06/10/2020;08:43:13;887;820;27.7;0.171;58.9;43.9;0.246;59.616;242.348
V5;C;8;C_V5_8;9;07/10/2020;09:15:01;698;648;32.4;0.173;47.1;43.1;0.27;45.864;170.064
V5;C;8;C_V5_8;9;07/10/2020;09:14:21;857;293;31.9;0.356;43.8;43.1;0.27;45.864;170.064
V5;C;8;C_V5_8;9;07/10/2020;09:14:41;757;433;32.1;0.259;47.1;43.1;0.27;45.864;170.064
V5;C;8;C_V5_8;9;07/10/2020;09:15:41;645;1184;32.9;0.091;45.3;43.1;0.27;45.864;170.064
V5;C;8;C_V5_8;9;07/10/2020;09:16:01;628;1543;33.4;0.067;43.4;43.1;0.27;45.864;170.064
V5;C;8;C_V5_8;9;07/10/2020;09:13:21;1098;0;31.8;0.618;0;43.1;0.27;45.864;170.064
V5;C;8;C_V5_8;9;07/10/2020;09:15:21;665;846;32.7;0.128;45.5;43.1;0.27;45.864;170.064
V5;C;8;C_V5_8;9;07/10/2020;09:13:41;1212;129;31.6;0.529;28.7;43.1;0.27;45.864;170.064
V5;C;8;C_V5_8;9;07/10/2020;09:14:01;1025;195;31.6;0.458;37.5;43.1;0.27;45.864;170.064
V5;C;9;C_V5_9;9;08/10/2020;09:08:50;1414;0;31.2;0.664;0;42;0.277;76.142;275
V5;C;9;C_V5_9;9;08/10/2020;09:09:50;1199;294;31.4;0.485;59.9;42;0.277;76.142;275
V5;C;9;C_V5_9;9;08/10/2020;09:09:30;1352;196;31.4;0.571;47;42;0.277;76.142;275
V5;C;9;C_V5_9;9;08/10/2020;09:11:30;625;1546;32.7;0.112;72.7;42;0.277;76.142;275
V5;C;9;C_V5_9;9;08/10/2020;09:10:10;1040;433;31.4;0.383;69.7;42;0.277;76.142;275
V5;C;9;C_V5_9;9;08/10/2020;09:10:30;892;649;31.8;0.272;74.1;42;0.277;76.142;275
V5;C;9;C_V5_9;9;08/10/2020;09:09:10;1423;129;31.1;0.613;33.2;42;0.277;76.142;275
V5;C;9;C_V5_9;9;08/10/2020;09:11:10;695;1185;32.4;0.158;78.6;42;0.277;76.142;275
V5;C;9;C_V5_9;9;08/10/2020;09:10:50;785;847;32.1;0.218;77.6;42;0.277;76.142;275
V5;S-AF;2;D_V5_2;9;06/10/2020;10:27:26;1451;0;30.9;0.718;0;47.6;0.261;74.283;284.389
V5;S-AF;2;D_V5_2;9;06/10/2020;10:29:06;1209;649;31.4;0.257;70.1;47.6;0.261;74.283;284.389
V5;S-AF;2;D_V5_2;9;06/10/2020;10:27:46;1440;129;30.7;0.624;33.8;47.6;0.261;74.283;284.389
V5;S-AF;2;D_V5_2;9;06/10/2020;10:28:06;1412;196;30.6;0.566;46.6;47.6;0.261;74.283;284.389
V5;S-AF;2;D_V5_2;9;06/10/2020;10:30:06;928;1545;32.9;0.12;77.9;47.6;0.261;74.283;284.389
V5;S-AF;2;D_V5_2;9;06/10/2020;10:28:46;1297;434;31;0.344;62.7;47.6;0.261;74.283;284.389
V5;S-AF;2;D_V5_2;9;06/10/2020;10:29:26;1115;847;31.6;0.216;76.8;47.6;0.261;74.283;284.389
V5;S-AF;2;D_V5_2;9;06/10/2020;10:29:46;1030;1186;32.4;0.147;73.2;47.6;0.261;74.283;284.389
V5;S-AF;2;D_V5_2;9;06/10/2020;10:28:26;1363;294;30.8;0.459;56.7;47.6;0.261;74.283;284.389
V5;S-AF;3;D_V5_3;9;07/10/2020;10:14:02;820;1186;32.2;0.148;73.7;49.4;0.251;72.09;287.07
V5;S-AF;3;D_V5_3;9;07/10/2020;10:11:42;1475;0;31.1;0.7;0;49.4;0.251;72.09;287.07
V5;S-AF;3;D_V5_3;9;07/10/2020;10:12:22;1282;196;30.9;0.528;43.5;49.4;0.251;72.09;287.07
V5;S-AF;3;D_V5_3;9;07/10/2020;10:13:42;887;847;31.8;0.204;72.6;49.4;0.251;72.09;287.07
V5;S-AF;3;D_V5_3;9;07/10/2020;10:13:22;972;649;31.4;0.253;69;49.4;0.251;72.09;287.07
V5;S-AF;3;D_V5_3;9;07/10/2020;10:14:22;768;1546;32.4;0.111;72.1;49.4;0.251;72.09;287.07
V5;S-AF;3;D_V5_3;9;07/10/2020;10:12:02;1402;129;30.9;0.585;31.7;49.4;0.251;72.09;287.07
V5;S-AF;3;D_V5_3;9;07/10/2020;10:13:02;1066;434;31.1;0.349;63.6;49.4;0.251;72.09;287.07
V5;S-AF;3;D_V5_3;9;07/10/2020;10:12:42;1167;294;31.1;0.446;55.1;49.4;0.251;72.09;287.07
V5;S-AF;4;D_V5_4;9;08/10/2020;10:03:43;1528;0;30.4;0.7;0;44.9;0.252;61.928;246.012
V5;S-AF;4;D_V5_4;9;08/10/2020;10:04:03;1484;129;30.3;0.586;31.7;44.9;0.252;61.928;246.012
V5;S-AF;4;D_V5_4;9;08/10/2020;10:04:23;1302;196;30.4;0.506;41.7;44.9;0.252;61.928;246.012
V5;S-AF;4;D_V5_4;9;08/10/2020;10:04:43;1109;294;30.4;0.404;49.9;44.9;0.252;61.928;246.012
V5;S-AF;4;D_V5_4;9;08/10/2020;10:05:03;977;434;30.7;0.31;56.5;44.9;0.252;61.928;246.012
V5;S-AF;4;D_V5_4;9;08/10/2020;10:05:23;881;649;30.9;0.218;59.4;44.9;0.252;61.928;246.012
V5;S-AF;4;D_V5_4;9;08/10/2020;10:05:43;818;847;31.3;0.172;61.2;44.9;0.252;61.928;246.012
V5;S-AF;4;D_V5_4;9;08/10/2020;10:06:03;773;1186;31.6;0.128;63.8;44.9;0.252;61.928;246.012
V5;S-AF;4;D_V5_4;9;08/10/2020;10:06:23;736;1546;32.1;0.099;64.3;44.9;0.252;61.928;246.012
V5;S-AF;7;D_V5_7;9;06/10/2020;10:31:47;1553;0;31.1;0.724;0;46.3;0.185;41.433;223.464
V5;S-AF;7;D_V5_7;9;06/10/2020;10:33:07;930;434;31.1;0.201;36.6;46.3;0.185;41.433;223.464
V5;S-AF;7;D_V5_7;9;06/10/2020;10:32:07;1193;129;31.1;0.444;24.1;46.3;0.185;41.433;223.464
V5;S-AF;7;D_V5_7;9;06/10/2020;10:32:47;997;294;31;0.273;33.7;46.3;0.185;41.433;223.464
V5;S-AF;7;D_V5_7;9;06/10/2020;10:34:07;763;1186;31.9;0.094;46.8;46.3;0.185;41.433;223.464
V5;S-AF;7;D_V5_7;9;06/10/2020;10:34:27;723;1546;32.6;0.066;42.9;46.3;0.185;41.433;223.464
V5;S-AF;7;D_V5_7;9;06/10/2020;10:32:27;1097;196;30.9;0.362;29.8;46.3;0.185;41.433;223.464
V5;S-AF;7;D_V5_7;9;06/10/2020;10:33:47;801;847;31.6;0.116;41.3;46.3;0.185;41.433;223.464
V5;S-AF;7;D_V5_7;9;06/10/2020;10:33:27;861;649;31.4;0.138;37.6;46.3;0.185;41.433;223.464
V5;S-AF;8;D_V5_8;9;07/10/2020;10:17:48;731;848;32.7;0.178;63.4;52.8;0.199;63.694;319.622
V5;S-AF;8;D_V5_8;9;07/10/2020;10:16:48;905;294;31.8;0.373;46.1;52.8;0.199;63.694;319.622
V5;S-AF;8;D_V5_8;9;07/10/2020;10:18:28;682;1547;33.5;0.1;65;52.8;0.199;63.694;319.622
V5;S-AF;8;D_V5_8;9;07/10/2020;10:17:28;766;649;32.2;0.218;59.4;52.8;0.199;63.694;319.622
V5;S-AF;8;D_V5_8;9;07/10/2020;10:16:08;1168;129;31.6;0.469;25.4;52.8;0.199;63.694;319.622
V5;S-AF;8;D_V5_8;9;07/10/2020;10:15:48;1500;0;31.4;0.662;0;52.8;0.199;63.694;319.622
V5;S-AF;8;D_V5_8;9;07/10/2020;10:16:28;1027;196;31.7;0.43;35.4;52.8;0.199;63.694;319.622
V5;S-AF;8;D_V5_8;9;07/10/2020;10:17:08;823;434;31.9;0.301;54.9;52.8;0.199;63.694;319.622
V5;S-AF;8;D_V5_8;9;07/10/2020;10:18:08;700;1185;33;0.129;64.2;52.8;0.199;63.694;319.622
V5;S-AF;9;D_V5_9;9;08/10/2020;10:08:20;1504;0;31.1;0.713;0;51.9;0.211;51.549;243.968
V5;S-AF;9;D_V5_9;9;08/10/2020;10:08:40;1188;129;30.7;0.508;27.5;51.9;0.211;51.549;243.968
V5;S-AF;9;D_V5_9;9;08/10/2020;10:09:00;1058;196;30.7;0.422;34.7;51.9;0.211;51.549;243.968
V5;S-AF;9;D_V5_9;9;08/10/2020;10:09:20;963;294;30.9;0.332;41;51.9;0.211;51.549;243.968
V5;S-AF;9;D_V5_9;9;08/10/2020;10:09:40;901;434;30.9;0.256;46.7;51.9;0.211;51.549;243.968
V5;S-AF;9;D_V5_9;9;08/10/2020;10:10:00;851;649;31.1;0.183;49.9;51.9;0.211;51.549;243.968
V5;S-AF;9;D_V5_9;9;08/10/2020;10:10:20;811;848;31.6;0.144;51.3;51.9;0.211;51.549;243.968
V5;S-AF;9;D_V5_9;9;08/10/2020;10:10:40;784;1185;31.9;0.107;53.3;51.9;0.211;51.549;243.968
V5;S-AF;9;D_V5_9;9;08/10/2020;10:11:00;758;1546;32.3;0.082;53.2;51.9;0.211;51.549;243.968
V5;S;2;L_V5_2;9;06/10/2020;10:57:37;1017;434;30.8;0.447;81.5;47.3;0.245;114.217;466.897
V5;S;2;L_V5_2;9;06/10/2020;10:57:57;922;650;31.1;0.348;95;47.3;0.245;114.217;466.897
V5;S;2;L_V5_2;9;06/10/2020;10:58:57;727;1548;31.9;0.182;118.3;47.3;0.245;114.217;466.897
V5;S;2;L_V5_2;9;06/10/2020;10:56:57;1228;196;30.9;0.594;48.9;47.3;0.245;114.217;466.897
V5;S;2;L_V5_2;9;06/10/2020;10:56:37;1303;129;30.9;0.632;34.2;47.3;0.245;114.217;466.897
V5;S;2;L_V5_2;9;06/10/2020;10:57:17;1121;294;30.9;0.528;65.2;47.3;0.245;114.217;466.897
V5;S;2;L_V5_2;9;06/10/2020;10:58:37;783;1187;31.6;0.227;113.2;47.3;0.245;114.217;466.897
V5;S;2;L_V5_2;9;06/10/2020;10:58:17;858;849;31.3;0.3;107;47.3;0.245;114.217;466.897
V5;S;2;L_V5_2;9;06/10/2020;10:56:17;1279;0;30.9;0.694;0;47.3;0.245;114.217;466.897
V5;S;3;L_V5_3;9;07/10/2020;10:32:32;1273;196;30.6;0.563;46.3;51.1;0.261;80.242;307.173
V5;S;3;L_V5_3;9;07/10/2020;10:31:52;1314;0;31.1;0.682;0;51.1;0.261;80.242;307.173
V5;S;3;L_V5_3;9;07/10/2020;10:32:12;1388;129;30.6;0.61;33;51.1;0.261;80.242;307.173
V5;S;3;L_V5_3;9;07/10/2020;10:33:52;815;846;31.9;0.228;81;51.1;0.261;80.242;307.173
V5;S;3;L_V5_3;9;07/10/2020;10:34:12;749;1184;32.4;0.164;81.6;51.1;0.261;80.242;307.173
V5;S;3;L_V5_3;9;07/10/2020;10:34:32;706;1543;33;0.123;79.7;51.1;0.261;80.242;307.173
V5;S;3;L_V5_3;9;07/10/2020;10:33:12;1002;433;30.9;0.382;69.5;51.1;0.261;80.242;307.173
V5;S;3;L_V5_3;9;07/10/2020;10:32:52;1125;294;30.7;0.478;59;51.1;0.261;80.242;307.173
V5;S;3;L_V5_3;9;07/10/2020;10:33:32;891;648;31.4;0.281;76.5;51.1;0.261;80.242;307.173
V5;S;4;L_V5_4;9;08/10/2020;10:36:42;1617;0;31.5;0.677;0;39.6;0.103;23.396;227.745
V5;S;4;L_V5_4;9;08/10/2020;10:37:42;1170;294;31.9;0.154;19;39.6;0.103;23.396;227.745
V5;S;4;L_V5_4;9;08/10/2020;10:38:42;1099;847;32.7;0.068;24.2;39.6;0.103;23.396;227.745
V5;S;4;L_V5_4;9;08/10/2020;10:37:02;1250;129;31.6;0.242;13.1;39.6;0.103;23.396;227.745
V5;S;4;L_V5_4;9;08/10/2020;10:37:22;1208;196;31.6;0.202;16.6;39.6;0.103;23.396;227.745
V5;S;4;L_V5_4;9;08/10/2020;10:38:22;1118;649;32.4;0.08;21.8;39.6;0.103;23.396;227.745
V5;S;4;L_V5_4;9;08/10/2020;10:39:01;1075;1185;33;0.048;23.9;39.6;0.103;23.396;227.745
V5;S;4;L_V5_4;9;08/10/2020;10:38:02;1141;434;32;0.117;21.3;39.6;0.103;23.396;227.745
V5;S;4;L_V5_4;9;08/10/2020;10:39:21;1040;1546;33.4;0.038;24.7;39.6;0.103;23.396;227.745
V5;S;7;L_V5_7;9;06/10/2020;10:51:16;1443;0;31.4;0.687;0;57.1;0.252;94.195;373.071
V5;S;7;L_V5_7;9;06/10/2020;10:51:36;1454;129;30.9;0.619;33.5;57.1;0.252;94.195;373.071
V5;S;7;L_V5_7;9;06/10/2020;10:53:35;1145;1185;31.9;0.191;95.1;57.1;0.252;94.195;373.071
V5;S;7;L_V5_7;9;06/10/2020;10:52:35;1346;434;30.9;0.409;74.6;57.1;0.252;94.195;373.071
V5;S;7;L_V5_7;9;06/10/2020;10:51:55;1449;196;30.7;0.586;48.2;57.1;0.252;94.195;373.071
V5;S;7;L_V5_7;9;06/10/2020;10:53:15;1213;848;31.6;0.254;90.5;57.1;0.252;94.195;373.071
V5;S;7;L_V5_7;9;06/10/2020;10:53:55;1078;1546;32.4;0.152;98.7;57.1;0.252;94.195;373.071
V5;S;7;L_V5_7;9;06/10/2020;10:52:55;1275;649;31.1;0.308;84;57.1;0.252;94.195;373.071
V5;S;7;L_V5_7;9;06/10/2020;10:52:15;1407;294;30.9;0.507;62.6;57.1;0.252;94.195;373.071
V5;S;8;L_V5_8;9;07/10/2020;10:27:12;1280;294;29.1;0.535;66.1;49.1;0.239;116.668;487.357
V5;S;8;L_V5_8;9;07/10/2020;10:27:32;1191;433;29.3;0.438;79.7;49.1;0.239;116.668;487.357
V5;S;8;L_V5_8;9;07/10/2020;10:27:52;1083;648;29.4;0.355;96.6;49.1;0.239;116.668;487.357
V5;S;8;L_V5_8;9;07/10/2020;10:28:12;1041;846;29.6;0.295;104.8;49.1;0.239;116.668;487.357
V5;S;8;L_V5_8;9;07/10/2020;10:28:32;964;1183;29.8;0.232;115.3;49.1;0.239;116.668;487.357
V5;S;8;L_V5_8;9;07/10/2020;10:28:52;901;1543;30.1;0.189;122.5;49.1;0.239;116.668;487.357
V5;S;8;L_V5_8;9;07/10/2020;10:26:32;1306;129;29.1;0.623;33.8;49.1;0.239;116.668;487.357
V5;S;8;L_V5_8;9;07/10/2020;10:26:52;1320;196;29.1;0.595;49;49.1;0.239;116.668;487.357
V5;S;8;L_V5_8;9;07/10/2020;10:26:12;1292;0;29.6;0.678;0;49.1;0.239;116.668;487.357
V5;S;9;L_V5_9;9;08/10/2020;10:43:11;938;848;31.3;0.272;96.9;57.7;0.248;103.366;417.155
V5;S;9;L_V5_9;9;08/10/2020;10:43:51;760;1548;31.9;0.163;106;57.7;0.248;103.366;417.155
V5;S;9;L_V5_9;9;08/10/2020;10:42:51;1064;649;30.9;0.328;89.4;57.7;0.248;103.366;417.155
V5;S;9;L_V5_9;9;08/10/2020;10:42:31;1165;434;30.6;0.424;77.3;57.7;0.248;103.366;417.155
V5;S;9;L_V5_9;9;08/10/2020;10:41:51;1356;196;30.3;0.587;48.3;57.7;0.248;103.366;417.155
V5;S;9;L_V5_9;9;08/10/2020;10:41:31;1394;129;30.4;0.625;33.9;57.7;0.248;103.366;417.155
V5;S;9;L_V5_9;9;08/10/2020;10:43:31;837;1186;31.6;0.214;106.6;57.7;0.248;103.366;417.155
V5;S;9;L_V5_9;9;08/10/2020;10:42:11;1248;294;30.4;0.524;64.7;57.7;0.248;103.366;417.155
V5;S;9;L_V5_9;9;08/10/2020;10:41:11;1345;0;30.7;0.685;0;57.7;0.248;103.366;417.155
V6;C;2;C_V6_2;9;06/10/2020;09:30:25;861;434;30.6;0.273;49.8;29.4;0.238;51.6;216.986
V6;C;2;C_V6_2;9;06/10/2020;09:29:05;1332;0;31.2;0.631;0;29.4;0.238;51.6;216.986
V6;C;2;C_V6_2;9;06/10/2020;09:30:05;976;294;30.6;0.364;44.9;29.4;0.238;51.6;216.986
V6;C;2;C_V6_2;9;06/10/2020;09:31:45;661;1547;31.8;0.079;51.3;29.4;0.238;51.6;216.986
V6;C;2;C_V6_2;9;06/10/2020;09:29:25;1284;129;30.6;0.512;27.7;29.4;0.238;51.6;216.986
V6;C;2;C_V6_2;9;06/10/2020;09:29:45;1127;196;30.5;0.45;37;29.4;0.238;51.6;216.986
V6;C;2;C_V6_2;9;06/10/2020;09:31:25;692;1186;31.4;0.104;51.8;29.4;0.238;51.6;216.986
V6;C;2;C_V6_2;9;06/10/2020;09:31:05;729;848;31.1;0.144;51.3;29.4;0.238;51.6;216.986
V6;C;2;C_V6_2;9;06/10/2020;09:30:45;778;649;30.9;0.19;51.8;29.4;0.238;51.6;216.986
V6;C;3;C_V6_3;9;07/10/2020;08:45:41;749;1160;29.8;0.081;39.5;38.4;0.209;39.863;190.293
V6;C;3;C_V6_3;9;07/10/2020;08:46:01;705;1513;30;0.065;41.3;38.4;0.209;39.863;190.293
V6;C;3;C_V6_3;9;07/10/2020;08:45:21;836;829;29.4;0.116;40.4;38.4;0.209;39.863;190.293
V6;C;3;C_V6_3;9;07/10/2020;08:43:21;1457;0;29.3;0.69;0;38.4;0.209;39.863;190.293
V6;C;3;C_V6_3;9;07/10/2020;08:44:01;1036;191;29;0.375;30.1;38.4;0.209;39.863;190.293
V6;C;3;C_V6_3;9;07/10/2020;08:45:01;899;634;29.1;0.148;39.4;38.4;0.209;39.863;190.293
V6;C;3;C_V6_3;9;07/10/2020;08:44:41;917;423;29.1;0.214;38;38.4;0.209;39.863;190.293
V6;C;3;C_V6_3;9;07/10/2020;08:44:21;949;287;29.1;0.294;35.4;38.4;0.209;39.863;190.293
V6;C;3;C_V6_3;9;07/10/2020;08:43:41;1162;126;29.1;0.455;24.1;38.4;0.209;39.863;190.293
V6;C;4;C_V6_4;9;08/10/2020;08:40:26;909;636;29.1;0.173;46.2;35.1;0.238;47.416;199.135
V6;C;4;C_V6_4;9;08/10/2020;08:39:26;1146;192;28.8;0.432;34.8;35.1;0.238;47.416;199.135
V6;C;4;C_V6_4;9;08/10/2020;08:41:06;785;1165;29.7;0.098;48;35.1;0.238;47.416;199.135
V6;C;4;C_V6_4;9;08/10/2020;08:39:46;1028;288;29;0.338;40.9;35.1;0.238;47.416;199.135
V6;C;4;C_V6_4;9;08/10/2020;08:40:46;845;831;29.4;0.137;47.8;35.1;0.238;47.416;199.135
V6;C;4;C_V6_4;9;08/10/2020;08:38:46;1496;0;29.6;0.703;0;35.1;0.238;47.416;199.135
V6;C;4;C_V6_4;9;08/10/2020;08:41:26;735;1519;29.9;0.075;47.8;35.1;0.238;47.416;199.135
V6;C;4;C_V6_4;9;08/10/2020;08:40:06;964;425;28.9;0.262;46.8;35.1;0.238;47.416;199.135
V6;C;4;C_V6_4;9;08/10/2020;08:39:06;1319;126;29.1;0.53;28;35.1;0.238;47.416;199.135
V6;C;7;C_V6_7;9;06/10/2020;09:27:09;776;1183;31.6;0.104;51.7;36.1;0.269;52.573;195.694
V6;C;7;C_V6_7;9;06/10/2020;09:26:29;832;648;31.1;0.196;53.3;36.1;0.269;52.573;195.694
V6;C;7;C_V6_7;9;06/10/2020;09:26:49;805;846;31.4;0.152;54;36.1;0.269;52.573;195.694
V6;C;7;C_V6_7;9;06/10/2020;09:24:49;1243;0;31.1;0.635;0;36.1;0.269;52.573;195.694
V6;C;7;C_V6_7;9;06/10/2020;09:25:09;1355;129;30.6;0.543;29.4;36.1;0.269;52.573;195.694
V6;C;7;C_V6_7;9;06/10/2020;09:26:09;898;433;30.9;0.292;53.1;36.1;0.269;52.573;195.694
V6;C;7;C_V6_7;9;06/10/2020;09:25:29;1166;196;30.6;0.488;40.2;36.1;0.269;52.573;195.694
V6;C;7;C_V6_7;9;06/10/2020;09:25:49;1001;293;30.7;0.392;48.2;36.1;0.269;52.573;195.694
V6;C;7;C_V6_7;9;06/10/2020;09:27:29;747;1544;32;0.076;49.3;36.1;0.269;52.573;195.694
V6;C;8;C_V6_8;9;07/10/2020;08:41:27;843;826;29.4;0.106;36.8;33.8;0.23;35.748;155.482
V6;C;8;C_V6_8;9;07/10/2020;08:41:07;891;631;29.2;0.136;36;33.8;0.23;35.748;155.482
V6;C;8;C_V6_8;9;07/10/2020;08:40:27;1016;286;28.9;0.281;33.8;33.8;0.23;35.748;155.482
V6;C;8;C_V6_8;9;07/10/2020;08:39:47;1272;125;29.1;0.461;24.2;33.8;0.23;35.748;155.482
V6;C;8;C_V6_8;9;07/10/2020;08:40:47;947;422;29.1;0.202;35.8;33.8;0.23;35.748;155.482
V6;C;8;C_V6_8;9;07/10/2020;08:40:07;1107;190;28.9;0.371;29.6;33.8;0.23;35.748;155.482
V6;C;8;C_V6_8;9;07/10/2020;08:42:07;758;1508;29.8;0.054;34.2;33.8;0.23;35.748;155.482
V6;C;8;C_V6_8;9;07/10/2020;08:41:47;800;1156;29.5;0.074;35.9;33.8;0.23;35.748;155.482
V6;C;8;C_V6_8;9;07/10/2020;08:39:27;1546;0;29.4;0.694;0;33.8;0.23;35.748;155.482
V6;C;9;C_V6_9;9;08/10/2020;08:34:37;1492;0;29.8;0.692;0;32.9;0.213;33.311;156.209
V6;C;9;C_V6_9;9;08/10/2020;08:34:57;1319;125;29.1;0.431;22.6;32.9;0.213;33.311;156.209
V6;C;9;C_V6_9;9;08/10/2020;08:35:37;1052;287;29.1;0.259;31.2;32.9;0.213;33.311;156.209
V6;C;9;C_V6_9;9;08/10/2020;08:35:57;971;423;29.1;0.187;33.2;32.9;0.213;33.311;156.209
V6;C;9;C_V6_9;9;08/10/2020;08:36:17;924;633;29.2;0.127;33.8;32.9;0.213;33.311;156.209
V6;C;9;C_V6_9;9;08/10/2020;08:36:37;874;828;29.3;0.098;34.1;32.9;0.213;33.311;156.209
V6;C;9;C_V6_9;9;08/10/2020;08:36:57;818;1159;29.6;0.067;32.6;32.9;0.213;33.311;156.209
V6;C;9;C_V6_9;9;08/10/2020;08:37:17;772;1510;29.7;0.052;33;32.9;0.213;33.311;156.209
V6;C;9;C_V6_9;9;08/10/2020;08:35:17;1170;191;29.1;0.344;27.6;32.9;0.213;33.311;156.209
V6;S-AF;2;D_V6_2;9;06/10/2020;09:54:39;1230;0;29.9;0.713;0;44.9;0.262;99.499;379.114
V6;S-AF;2;D_V6_2;9;06/10/2020;09:56:39;956;847;29.9;0.265;94.3;44.9;0.262;99.499;379.114
V6;S-AF;2;D_V6_2;9;06/10/2020;09:56:59;881;1184;29.9;0.199;99;44.9;0.262;99.499;379.114
V6;S-AF;2;D_V6_2;9;06/10/2020;09:54:59;1203;129;29.6;0.638;34.6;44.9;0.262;99.499;379.114
V6;S-AF;2;D_V6_2;9;06/10/2020;09:55:19;1173;196;29.4;0.602;49.6;44.9;0.262;99.499;379.114
V6;S-AF;2;D_V6_2;9;06/10/2020;09:55:39;1131;294;29.4;0.534;65.9;44.9;0.262;99.499;379.114
V6;S-AF;2;D_V6_2;9;06/10/2020;09:56:19;1013;649;29.6;0.317;86.4;44.9;0.262;99.499;379.114
V6;S-AF;2;D_V6_2;9;06/10/2020;09:57:19;793;1545;30.1;0.165;107.1;44.9;0.262;99.499;379.114
V6;S-AF;2;D_V6_2;9;06/10/2020;09:55:59;1050;434;29.6;0.44;80.2;44.9;0.262;99.499;379.114
V6;S-AF;3;D_V6_3;9;07/10/2020;09:42:36;828;649;30.9;0.205;55.9;39.3;0.182;59.745;327.542
V6;S-AF;3;D_V6_3;9;07/10/2020;09:43:36;730;1547;31.6;0.095;61.7;39.3;0.182;59.745;327.542
V6;S-AF;3;D_V6_3;9;07/10/2020;09:41:36;1065;196;30.6;0.408;33.6;39.3;0.182;59.745;327.542
V6;S-AF;3;D_V6_3;9;07/10/2020;09:42:16;877;434;30.9;0.273;49.8;39.3;0.182;59.745;327.542
V6;S-AF;3;D_V6_3;9;07/10/2020;09:41:16;1204;129;30.7;0.45;24.4;39.3;0.182;59.745;327.542
V6;S-AF;3;D_V6_3;9;07/10/2020;09:41:56;949;294;30.9;0.34;42;39.3;0.182;59.745;327.542
V6;S-AF;3;D_V6_3;9;07/10/2020;09:42:56;783;847;31.1;0.158;56.2;39.3;0.182;59.745;327.542
V6;S-AF;3;D_V6_3;9;07/10/2020;09:40:56;1624;0;30.4;0.692;0;39.3;0.182;59.745;327.542
V6;S-AF;3;D_V6_3;9;07/10/2020;09:43:16;753;1186;31.4;0.126;62.8;39.3;0.182;59.745;327.542
V6;S-AF;4;D_V6_4;9;08/10/2020;09:28:13;1533;0;30.1;0.715;0;39.9;0.219;66.932;306.017
V6;S-AF;4;D_V6_4;9;08/10/2020;09:30:33;890;1187;31.3;0.138;68.8;39.9;0.219;66.932;306.017
V6;S-AF;4;D_V6_4;9;08/10/2020;09:30:53;824;1547;31.6;0.108;70.2;39.9;0.219;66.932;306.017
V6;S-AF;4;D_V6_4;9;08/10/2020;09:29:13;1111;294;30.2;0.4;49.4;39.9;0.219;66.932;306.017
V6;S-AF;4;D_V6_4;9;08/10/2020;09:30:13;962;849;30.9;0.185;66;39.9;0.219;66.932;306.017
V6;S-AF;4;D_V6_4;9;08/10/2020;09:28:33;1293;129;30.1;0.534;28.9;39.9;0.219;66.932;306.017
V6;S-AF;4;D_V6_4;9;08/10/2020;09:28:53;1190;196;30.1;0.479;39.4;39.9;0.219;66.932;306.017
V6;S-AF;4;D_V6_4;9;08/10/2020;09:29:53;1025;650;30.6;0.224;61.2;39.9;0.219;66.932;306.017
V6;S-AF;4;D_V6_4;9;08/10/2020;09:29:33;1070;434;30.4;0.311;56.7;39.9;0.219;66.932;306.017
V6;S-AF;7;D_V6_7;9;06/10/2020;09:50:02;1147;294;29.3;0.458;56.6;39.9;0.251;75.017;298.66
V6;S-AF;7;D_V6_7;9;06/10/2020;09:49:22;1356;129;29.4;0.602;32.6;39.9;0.251;75.017;298.66
V6;S-AF;7;D_V6_7;9;06/10/2020;09:51:02;966;847;29.7;0.207;73.6;39.9;0.251;75.017;298.66
V6;S-AF;7;D_V6_7;9;06/10/2020;09:50:22;1078;433;29.4;0.351;63.8;39.9;0.251;75.017;298.66
V6;S-AF;7;D_V6_7;9;06/10/2020;09:50:42;1021;649;29.6;0.252;68.7;39.9;0.251;75.017;298.66
V6;S-AF;7;D_V6_7;9;06/10/2020;09:49:02;1383;0;29.4;0.693;0;39.9;0.251;75.017;298.66
V6;S-AF;7;D_V6_7;9;06/10/2020;09:51:22;899;1185;30;0.154;76.6;39.9;0.251;75.017;298.66
V6;S-AF;7;D_V6_7;9;06/10/2020;09:51:42;855;1545;30.5;0.123;79.8;39.9;0.251;75.017;298.66
V6;S-AF;7;D_V6_7;9;06/10/2020;09:49:42;1242;196;29.2;0.545;44.9;39.9;0.251;75.017;298.66
V6;S-AF;8;D_V6_8;9;07/10/2020;09:37:03;1444;0;31;0.721;0;39.6;0.264;93.19;353.328
V6;S-AF;8;D_V6_8;9;07/10/2020;09:38:03;1311;294;30.1;0.503;62.1;39.6;0.264;93.19;353.328
V6;S-AF;8;D_V6_8;9;07/10/2020;09:37:23;1503;129;30.2;0.631;34.2;39.6;0.264;93.19;353.328
V6;S-AF;8;D_V6_8;9;07/10/2020;09:38:23;1204;434;30.3;0.436;79.5;39.6;0.264;93.19;353.328
V6;S-AF;8;D_V6_8;9;07/10/2020;09:37:43;1422;196;30.1;0.583;48;39.6;0.264;93.19;353.328
V6;S-AF;8;D_V6_8;9;07/10/2020;09:39:23;1045;1186;30.6;0.182;90.7;39.6;0.264;93.19;353.328
V6;S-AF;8;D_V6_8;9;07/10/2020;09:39:03;1092;848;30.5;0.26;92.6;39.6;0.264;93.19;353.328
V6;S-AF;8;D_V6_8;9;07/10/2020;09:39:43;946;1546;30.9;0.15;97.4;39.6;0.264;93.19;353.328
V6;S-AF;8;D_V6_8;9;07/10/2020;09:38:43;1165;649;30.4;0.31;84.5;39.6;0.264;93.19;353.328
V6;S-AF;9;D_V6_9;9;08/10/2020;09:25:01;1047;434;29.6;0.28;51;41.1;0.202;60.478;299.28
V6;S-AF;9;D_V6_9;9;08/10/2020;09:25:41;917;849;30.1;0.169;60.3;41.1;0.202;60.478;299.28
V6;S-AF;9;D_V6_9;9;08/10/2020;09:26:01;849;1188;30.6;0.126;62.9;41.1;0.202;60.478;299.28
V6;S-AF;9;D_V6_9;9;08/10/2020;09:26:21;792;1547;30.9;0.097;63;41.1;0.202;60.478;299.28
V6;S-AF;9;D_V6_9;9;08/10/2020;09:24:41;1115;294;29.6;0.362;44.7;41.1;0.202;60.478;299.28
V6;S-AF;9;D_V6_9;9;08/10/2020;09:25:21;983;650;30.1;0.202;55.1;41.1;0.202;60.478;299.28
V6;S-AF;9;D_V6_9;9;08/10/2020;09:24:01;1326;129;29.6;0.506;27.4;41.1;0.202;60.478;299.28
V6;S-AF;9;D_V6_9;9;08/10/2020;09:24:21;1210;196;29.4;0.441;36.3;41.1;0.202;60.478;299.28
V6;S-AF;9;D_V6_9;9;08/10/2020;09:23:41;1598;0;30.1;0.737;0;41.1;0.202;60.478;299.28
V6;S;2;L_V6_2;9;06/10/2020;10:42:39;1161;196;28.8;0.428;35.2;36.5;0.208;52.874;253.609
V6;S;2;L_V6_2;9;06/10/2020;10:42:59;1095;294;29.1;0.341;42.1;36.5;0.208;52.874;253.609
V6;S;2;L_V6_2;9;06/10/2020;10:43:19;1041;433;29.3;0.256;46.6;36.5;0.208;52.874;253.609
V6;S;2;L_V6_2;9;06/10/2020;10:41:59;1512;0;28.7;0.729;0;36.5;0.208;52.874;253.609
V6;S;2;L_V6_2;9;06/10/2020;10:42:19;1267;129;28.8;0.497;26.9;36.5;0.208;52.874;253.609
V6;S;2;L_V6_2;9;06/10/2020;10:43:59;921;847;29.6;0.149;53;36.5;0.208;52.874;253.609
V6;S;2;L_V6_2;9;06/10/2020;10:44:19;865;1185;30.1;0.113;56.2;36.5;0.208;52.874;253.609
V6;S;2;L_V6_2;9;06/10/2020;10:44:39;809;1545;30.4;0.083;53.9;36.5;0.208;52.874;253.609
V6;S;2;L_V6_2;9;06/10/2020;10:43:39;983;648;29.4;0.183;49.8;36.5;0.208;52.874;253.609
V6;S;3;L_V6_3;9;07/10/2020;10:41:37;1133;196;30.5;0.606;49.9;43.5;0.255;114.555;448.393
V6;S;3;L_V6_3;9;07/10/2020;10:41:57;1096;294;30.6;0.542;66.9;43.5;0.255;114.555;448.393
V6;S;3;L_V6_3;9;07/10/2020;10:42:17;1023;434;30.4;0.459;83.7;43.5;0.255;114.555;448.393
V6;S;3;L_V6_3;9;07/10/2020;10:41:17;1101;129;31;0.624;33.8;43.5;0.255;114.555;448.393
V6;S;3;L_V6_3;9;07/10/2020;10:40:57;1082;0;31.5;0.676;0;43.5;0.255;114.555;448.393
V6;S;3;L_V6_3;9;07/10/2020;10:42:57;936;848;30.5;0.286;101.9;43.5;0.255;114.555;448.393
V6;S;3;L_V6_3;9;07/10/2020;10:43:17;906;1186;30.6;0.233;116.1;43.5;0.255;114.555;448.393
V6;S;3;L_V6_3;9;07/10/2020;10:43:37;833;1546;30.6;0.182;118.2;43.5;0.255;114.555;448.393
V6;S;3;L_V6_3;9;07/10/2020;10:42:37;991;649;30.6;0.376;102.5;43.5;0.255;114.555;448.393
V6;S;4;L_V6_4;9;08/10/2020;10:29:50;1353;433;29.1;0.218;39.6;42.2;0.195;45.923;235.555
V6;S;4;L_V6_4;9;08/10/2020;10:29:10;1481;196;28.6;0.384;31.6;42.2;0.195;45.923;235.555
V6;S;4;L_V6_4;9;08/10/2020;10:29:30;1409;294;28.8;0.307;37.9;42.2;0.195;45.923;235.555
V6;S;4;L_V6_4;9;08/10/2020;10:30:10;1291;648;29.3;0.155;42.2;42.2;0.195;45.923;235.555
V6;S;4;L_V6_4;9;08/10/2020;10:28:50;1583;129;28.8;0.472;25.6;42.2;0.195;45.923;235.555
V6;S;4;L_V6_4;9;08/10/2020;10:30:50;1186;1184;29.6;0.11;54.7;42.2;0.195;45.923;235.555
V6;S;4;L_V6_4;9;08/10/2020;10:31:10;1164;1543;30.1;0.07;45.4;42.2;0.195;45.923;235.555
V6;S;4;L_V6_4;9;08/10/2020;10:30:30;1229;846;29.4;0.124;44.1;42.2;0.195;45.923;235.555
V6;S;4;L_V6_4;9;08/10/2020;10:28:30;1612;0;29.4;0.728;0;42.2;0.195;45.923;235.555
V6;S;7;L_V6_7;9;06/10/2020;10:48:10;1005;847;30.5;0.184;65.5;37.8;0.241;65.839;273.389
V6;S;7;L_V6_7;9;06/10/2020;10:48:30;932;1185;30.9;0.137;68.2;37.8;0.241;65.839;273.389
V6;S;7;L_V6_7;9;06/10/2020;10:48:50;869;1545;31.2;0.105;68.1;37.8;0.241;65.839;273.389
V6;S;7;L_V6_7;9;06/10/2020;10:46:10;1457;0;30.1;0.706;0;37.8;0.241;65.839;273.389
V6;S;7;L_V6_7;9;06/10/2020;10:46:30;1434;129;29.8;0.578;31.3;37.8;0.241;65.839;273.389
V6;S;7;L_V6_7;9;06/10/2020;10:46:50;1328;196;29.8;0.504;41.5;37.8;0.241;65.839;273.389
V6;S;7;L_V6_7;9;06/10/2020;10:47:10;1222;294;29.9;0.413;51;37.8;0.241;65.839;273.389
V6;S;7;L_V6_7;9;06/10/2020;10:47:30;1149;433;30;0.318;57.8;37.8;0.241;65.839;273.389
V6;S;7;L_V6_7;9;06/10/2020;10:47:50;1077;648;30.2;0.227;61.8;37.8;0.241;65.839;273.389
V6;S;8;L_V6_8;9;07/10/2020;10:36:40;1419;0;31.8;0.698;0;42.4;0.218;72.652;333.322
V6;S;8;L_V6_8;9;07/10/2020;10:37:00;1250;129;31.5;0.539;29.2;42.4;0.218;72.652;333.322
V6;S;8;L_V6_8;9;07/10/2020;10:37:20;1100;196;31.4;0.485;39.9;42.4;0.218;72.652;333.322
V6;S;8;L_V6_8;9;07/10/2020;10:37:40;1007;294;31.6;0.413;51;42.4;0.218;72.652;333.322
V6;S;8;L_V6_8;9;07/10/2020;10:39:20;772;1545;32.4;0.117;75.9;42.4;0.218;72.652;333.322
V6;S;8;L_V6_8;9;07/10/2020;10:38:00;941;433;31.7;0.332;60.4;42.4;0.218;72.652;333.322
V6;S;8;L_V6_8;9;07/10/2020;10:38:20;876;648;31.9;0.243;66.1;42.4;0.218;72.652;333.322
V6;S;8;L_V6_8;9;07/10/2020;10:38:40;833;847;32;0.202;71.9;42.4;0.218;72.652;333.322
V6;S;8;L_V6_8;9;07/10/2020;10:39:00;796;1184;32.2;0.147;73.1;42.4;0.218;72.652;333.322
V6;S;9;L_V6_9;9;08/10/2020;10:32:35;1276;129;29.4;0.606;32.8;40.9;0.239;91.514;382.56
V6;S;9;L_V6_9;9;08/10/2020;10:34:55;782;1545;30.7;0.145;94.1;40.9;0.239;91.514;382.56
V6;S;9;L_V6_9;9;08/10/2020;10:34:15;823;846;30.4;0.256;91;40.9;0.239;91.514;382.56
V6;S;9;L_V6_9;9;08/10/2020;10:34:35;803;1185;30.5;0.182;90.6;40.9;0.239;91.514;382.56
V6;S;9;L_V6_9;9;08/10/2020;10:32:15;1407;0;29.7;0.709;0;40.9;0.239;91.514;382.56
V6;S;9;L_V6_9;9;08/10/2020;10:32:55;1128;196;29.5;0.56;46.1;40.9;0.239;91.514;382.56
V6;S;9;L_V6_9;9;08/10/2020;10:33:15;1006;294;29.6;0.475;58.7;40.9;0.239;91.514;382.56
V6;S;9;L_V6_9;9;08/10/2020;10:33:35;910;433;29.8;0.388;70.6;40.9;0.239;91.514;382.56
V6;S;9;L_V6_9;9;08/10/2020;10:33:55;848;648;30;0.303;82.5;40.9;0.239;91.514;382.56
V7;C;2;C_V7_2;9;06/10/2020;09:07:39;1307;290;29.6;0.423;51.5;36.3;0.26;63.756;245.258
V7;C;2;C_V7_2;9;06/10/2020;09:08:59;935;1173;30.6;0.133;65.5;36.3;0.26;63.756;245.258
V7;C;2;C_V7_2;9;06/10/2020;09:08:19;1101;641;30.1;0.227;61.1;36.3;0.26;63.756;245.258
V7;C;2;C_V7_2;9;06/10/2020;09:09:19;860;1528;31.1;0.099;63.5;36.3;0.26;63.756;245.258
V7;C;2;C_V7_2;9;06/10/2020;09:07:59;1199;428;29.9;0.323;58.1;36.3;0.26;63.756;245.258
V7;C;2;C_V7_2;9;06/10/2020;09:06:39;1492;0;29.9;0.702;0;36.3;0.26;63.756;245.258
V7;C;2;C_V7_2;9;06/10/2020;09:06:59;1514;127;29.6;0.594;31.7;36.3;0.26;63.756;245.258
V7;C;2;C_V7_2;9;06/10/2020;09:07:19;1429;194;29.5;0.526;42.9;36.3;0.26;63.756;245.258
V7;C;2;C_V7_2;9;06/10/2020;09:08:39;1013;837;30.3;0.187;65.7;36.3;0.26;63.756;245.258
V7;C;3;C_V7_3;9;07/10/2020;08:52:11;1580;0;31.1;0.718;0;44.8;0.28;56.993;203.842
V7;C;3;C_V7_3;9;07/10/2020;08:54:51;791;1523;31.9;0.087;55.7;44.8;0.28;56.993;203.842
V7;C;3;C_V7_3;9;07/10/2020;08:54:31;847;1168;31.6;0.117;57.4;44.8;0.28;56.993;203.842
V7;C;3;C_V7_3;9;07/10/2020;08:53:11;1234;289;30.4;0.414;50.3;44.8;0.28;56.993;203.842
V7;C;3;C_V7_3;9;07/10/2020;08:53:31;1098;427;30.6;0.307;55.1;44.8;0.28;56.993;203.842
V7;C;3;C_V7_3;9;07/10/2020;08:53:51;996;638;30.9;0.213;57.1;44.8;0.28;56.993;203.842
V7;C;3;C_V7_3;9;07/10/2020;08:52:51;1403;193;30.4;0.518;42;44.8;0.28;56.993;203.842
V7;C;3;C_V7_3;9;07/10/2020;08:52:31;1552;126;30.4;0.599;31.7;44.8;0.28;56.993;203.842
V7;C;3;C_V7_3;9;07/10/2020;08:54:11;913;835;31.1;0.165;57.9;44.8;0.28;56.993;203.842
V7;C;4;C_V7_4;9;08/10/2020;08:49:10;1169;428;30.6;0.246;44.2;52;0.249;45.161;181.296
V7;C;4;C_V7_4;9;08/10/2020;08:47:50;1639;0;30.6;0.728;0;52;0.249;45.161;181.296
V7;C;4;C_V7_4;9;08/10/2020;08:50:10;918;1172;31.4;0.094;46.3;52;0.249;45.161;181.296
V7;C;4;C_V7_4;9;08/10/2020;08:50:30;854;1528;31.6;0.068;43.6;52;0.249;45.161;181.296
V7;C;4;C_V7_4;9;08/10/2020;08:48:50;1276;290;30.4;0.335;40.8;52;0.249;45.161;181.296
V7;C;4;C_V7_4;9;08/10/2020;08:49:30;1075;641;30.9;0.167;45;52;0.249;45.161;181.296
V7;C;4;C_V7_4;9;08/10/2020;08:48:30;1407;193;30.4;0.433;35.1;52;0.249;45.161;181.296
V7;C;4;C_V7_4;9;08/10/2020;08:48:10;1557;127;30.4;0.528;28.2;52;0.249;45.161;181.296
V7;C;4;C_V7_4;9;08/10/2020;08:49:50;990;837;31.1;0.132;46.4;52;0.249;45.161;181.296
V7;C;7;C_V7_7;9;06/10/2020;09:12:44;1053;839;30.9;0.155;54.6;51.6;0.229;54.011;235.71
V7;C;7;C_V7_7;9;06/10/2020;09:13:04;937;1175;31.4;0.114;56.3;51.6;0.229;54.011;235.71
V7;C;7;C_V7_7;9;06/10/2020;09:11:04;1488;127;30.1;0.552;29.4;51.6;0.229;54.011;235.71
V7;C;7;C_V7_7;9;06/10/2020;09:11:24;1340;194;30.1;0.44;35.9;51.6;0.229;54.011;235.71
V7;C;7;C_V7_7;9;06/10/2020;09:11:44;1242;291;30.2;0.352;43;51.6;0.229;54.011;235.71
V7;C;7;C_V7_7;9;06/10/2020;09:13:23;860;1532;31.9;0.085;54.7;51.6;0.229;54.011;235.71
V7;C;7;C_V7_7;9;06/10/2020;09:12:04;1172;429;30.4;0.291;52.4;51.6;0.229;54.011;235.71
V7;C;7;C_V7_7;9;06/10/2020;09:12:24;1166;643;30.6;0.185;50;51.6;0.229;54.011;235.71
V7;C;7;C_V7_7;9;06/10/2020;09:10:44;1715;0;30.1;0.734;0;51.6;0.229;54.011;235.71
V7;C;8;C_V7_8;9;07/10/2020;08:50:04;1099;1165;30.6;0.089;43.5;57;0.255;42.065;164.728
V7;C;8;C_V7_8;9;07/10/2020;08:48:44;1369;288;29.6;0.323;39.1;57;0.255;42.065;164.728
V7;C;8;C_V7_8;9;07/10/2020;08:50:24;1031;1518;30.9;0.063;40.2;57;0.255;42.065;164.728
V7;C;8;C_V7_8;9;07/10/2020;08:49:44;1157;832;30.1;0.123;43;57;0.255;42.065;164.728
V7;C;8;C_V7_8;9;07/10/2020;08:49:24;1223;637;29.9;0.156;41.7;57;0.255;42.065;164.728
V7;C;8;C_V7_8;9;07/10/2020;08:48:04;1604;126;29.6;0.524;27.7;57;0.255;42.065;164.728
V7;C;8;C_V7_8;9;07/10/2020;08:49:04;1291;426;29.6;0.234;41.9;57;0.255;42.065;164.728
V7;C;8;C_V7_8;9;07/10/2020;08:47:44;1706;0;29.7;0.722;0;57;0.255;42.065;164.728
V7;C;8;C_V7_8;9;07/10/2020;08:48:24;1468;192;29.6;0.423;34.1;57;0.255;42.065;164.728
V7;C;9;C_V7_9;9;08/10/2020;08:43:11;1658;0;30;0.703;0;45.3;0.222;57.79;260.378
V7;C;9;C_V7_9;9;08/10/2020;08:44:31;1435;427;29.6;0.282;50.6;45.3;0.222;57.79;260.378
V7;C;9;C_V7_9;9;08/10/2020;08:45:51;1114;1523;30.4;0.094;60.1;45.3;0.222;57.79;260.378
V7;C;9;C_V7_9;9;08/10/2020;08:43:51;1570;193;29.4;0.463;37.5;45.3;0.222;57.79;260.378
V7;C;9;C_V7_9;9;08/10/2020;08:44:11;1496;289;29.4;0.367;44.5;45.3;0.222;57.79;260.378
V7;C;9;C_V7_9;9;08/10/2020;08:45:31;1198;1169;30.1;0.122;59.9;45.3;0.222;57.79;260.378
V7;C;9;C_V7_9;9;08/10/2020;08:45:11;1282;835;29.8;0.166;58.2;45.3;0.222;57.79;260.378
V7;C;9;C_V7_9;9;08/10/2020;08:43:31;1645;127;29.6;0.545;29.1;45.3;0.222;57.79;260.378
V7;C;9;C_V7_9;9;08/10/2020;08:44:51;1364;639;29.7;0.202;54.2;45.3;0.222;57.79;260.378
V7;S-AF;2;D_V7_2;9;06/10/2020;09:41:49;1160;434;29.9;0.287;52.3;49.2;0.245;55.278;225.184
V7;S-AF;2;D_V7_2;9;06/10/2020;09:42:29;1014;847;30.4;0.153;54.4;49.2;0.245;55.278;225.184
V7;S-AF;2;D_V7_2;9;06/10/2020;09:43:09;929;1546;31.4;0.091;59.1;49.2;0.245;55.278;225.184
V7;S-AF;2;D_V7_2;9;06/10/2020;09:40:49;1391;129;29.9;0.546;29.6;49.2;0.245;55.278;225.184
V7;S-AF;2;D_V7_2;9;06/10/2020;09:40:29;1495;0;30.4;0.734;0;49.2;0.245;55.278;225.184
V7;S-AF;2;D_V7_2;9;06/10/2020;09:41:29;1190;294;29.7;0.366;45.2;49.2;0.245;55.278;225.184
V7;S-AF;2;D_V7_2;9;06/10/2020;09:41:09;1274;196;29.6;0.488;40.2;49.2;0.245;55.278;225.184
V7;S-AF;2;D_V7_2;9;06/10/2020;09:42:49;960;1185;30.8;0.113;56.2;49.2;0.245;55.278;225.184
V7;S-AF;2;D_V7_2;9;06/10/2020;09:42:09;1086;649;30.1;0.192;52.3;49.2;0.245;55.278;225.184
V7;S-AF;3;D_V7_3;9;07/10/2020;09:29:03;1138;196;29.4;0.21;17.3;42.4;0.111;23.941;216.129
V7;S-AF;3;D_V7_3;9;07/10/2020;09:29:23;1073;294;29.4;0.16;19.8;42.4;0.111;23.941;216.129
V7;S-AF;3;D_V7_3;9;07/10/2020;09:29:43;1022;434;29.4;0.118;21.5;42.4;0.111;23.941;216.129
V7;S-AF;3;D_V7_3;9;07/10/2020;09:30:43;916;1185;30.1;0.049;24.4;42.4;0.111;23.941;216.129
V7;S-AF;3;D_V7_3;9;07/10/2020;09:30:03;981;649;29.6;0.084;22.9;42.4;0.111;23.941;216.129
V7;S-AF;3;D_V7_3;9;07/10/2020;09:31:03;886;1546;30.6;0.041;26.6;42.4;0.111;23.941;216.129
V7;S-AF;3;D_V7_3;9;07/10/2020;09:28:43;1229;129;29.6;0.263;14.2;42.4;0.111;23.941;216.129
V7;S-AF;3;D_V7_3;9;07/10/2020;09:30:23;946;848;29.8;0.066;23.5;42.4;0.111;23.941;216.129
V7;S-AF;3;D_V7_3;9;07/10/2020;09:28:23;1546;0;29.9;0.665;0;42.4;0.111;23.941;216.129
V7;S-AF;4;D_V7_4;9;08/10/2020;09:48:02;1189;650;29.6;0.25;68.3;44.5;0.239;73.654;307.616
V7;S-AF;4;D_V7_4;9;08/10/2020;09:47:22;1259;295;29.4;0.419;51.9;44.5;0.239;73.654;307.616
V7;S-AF;4;D_V7_4;9;08/10/2020;09:46:22;1419;0;29.6;0.732;0;44.5;0.239;73.654;307.616
V7;S-AF;4;D_V7_4;9;08/10/2020;09:49:02;1005;1548;30.2;0.122;79.3;44.5;0.239;73.654;307.616
V7;S-AF;4;D_V7_4;9;08/10/2020;09:46:42;1377;129;29.4;0.6;32.5;44.5;0.239;73.654;307.616
V7;S-AF;4;D_V7_4;9;08/10/2020;09:47:42;1230;434;29.4;0.361;65.8;44.5;0.239;73.654;307.616
V7;S-AF;4;D_V7_4;9;08/10/2020;09:48:42;1059;1187;29.9;0.148;73.8;44.5;0.239;73.654;307.616
V7;S-AF;4;D_V7_4;9;08/10/2020;09:47:02;1294;196;29.4;0.516;42.5;44.5;0.239;73.654;307.616
V7;S-AF;4;D_V7_4;9;08/10/2020;09:48:22;1138;849;29.6;0.197;70.2;44.5;0.239;73.654;307.616
V7;S-AF;7;D_V7_7;9;06/10/2020;09:46:39;400;847;30.4;0.188;66.9;44.8;0.213;59.853;281.521
V7;S-AF;7;D_V7_7;9;06/10/2020;09:45:59;454;434;30.3;0.286;52.1;44.8;0.213;59.853;281.521
V7;S-AF;7;D_V7_7;9;06/10/2020;09:44:39;788;0;30.8;0.714;0;44.8;0.213;59.853;281.521
V7;S-AF;7;D_V7_7;9;06/10/2020;09:46:59;517;1186;30.9;0.114;56.8;44.8;0.213;59.853;281.521
V7;S-AF;7;D_V7_7;9;06/10/2020;09:47:19;499;1545;31.1;0.092;59.7;44.8;0.213;59.853;281.521
V7;S-AF;7;D_V7_7;9;06/10/2020;09:46:19;423;649;30.1;0.208;56.7;44.8;0.213;59.853;281.521
V7;S-AF;7;D_V7_7;9;06/10/2020;09:44:59;661;129;30.4;0.525;28.4;44.8;0.213;59.853;281.521
V7;S-AF;7;D_V7_7;9;06/10/2020;09:45:19;574;196;30.1;0.453;37.3;44.8;0.213;59.853;281.521
V7;S-AF;7;D_V7_7;9;06/10/2020;09:45:39;501;294;30.1;0.359;44.3;44.8;0.213;59.853;281.521
V7;S-AF;8;D_V7_8;9;07/10/2020;09:35:01;1071;1547;31.2;0.057;37;40.9;0.171;36.072;211.142
V7;S-AF;8;D_V7_8;9;07/10/2020;09:34:21;1142;848;30.7;0.103;36.7;40.9;0.171;36.072;211.142
V7;S-AF;8;D_V7_8;9;07/10/2020;09:34:41;1118;1186;31;0.074;36.9;40.9;0.171;36.072;211.142
V7;S-AF;8;D_V7_8;9;07/10/2020;09:32:42;1371;129;29.9;0.384;20.8;40.9;0.171;36.072;211.142
V7;S-AF;8;D_V7_8;9;07/10/2020;09:33:01;1302;196;30.1;0.316;26;40.9;0.171;36.072;211.142
V7;S-AF;8;D_V7_8;9;07/10/2020;09:32:22;1673;0;29.8;0.716;0;40.9;0.171;36.072;211.142
V7;S-AF;8;D_V7_8;9;07/10/2020;09:33:41;1231;434;30.3;0.184;33.5;40.9;0.171;36.072;211.142
V7;S-AF;8;D_V7_8;9;07/10/2020;09:34:01;1191;649;30.6;0.128;34.9;40.9;0.171;36.072;211.142
V7;S-AF;8;D_V7_8;9;07/10/2020;09:33:21;1252;294;30.1;0.254;31.4;40.9;0.171;36.072;211.142
V7;S-AF;9;D_V7_9;9;08/10/2020;09:44:43;890;1187;30.6;0.069;34.4;46.3;0.166;33.474;201.241
V7;S-AF;9;D_V7_9;9;08/10/2020;09:44:23;930;849;30.4;0.095;33.9;46.3;0.166;33.474;201.241
V7;S-AF;9;D_V7_9;9;08/10/2020;09:42:44;1222;129;30.4;0.367;19.9;46.3;0.166;33.474;201.241
V7;S-AF;9;D_V7_9;9;08/10/2020;09:43:43;1017;434;30.1;0.172;31.4;46.3;0.166;33.474;201.241
V7;S-AF;9;D_V7_9;9;08/10/2020;09:43:24;1071;295;30.1;0.234;29;46.3;0.166;33.474;201.241
V7;S-AF;9;D_V7_9;9;08/10/2020;09:45:03;856;1548;30.9;0.053;34.5;46.3;0.166;33.474;201.241
V7;S-AF;9;D_V7_9;9;08/10/2020;09:42:24;1629;0;30.4;0.735;0;46.3;0.166;33.474;201.241
V7;S-AF;9;D_V7_9;9;08/10/2020;09:44:03;970;650;30.2;0.119;32.5;46.3;0.166;33.474;201.241
V7;S-AF;9;D_V7_9;9;08/10/2020;09:43:04;1134;196;30.2;0.306;25.2;46.3;0.166;33.474;201.241
V7;S;2;L_V7_2;9;06/10/2020;11:06:02;1288;197;30.9;0.53;43.9;43.9;0.228;83.798;367.662
V7;S;2;L_V7_2;9;06/10/2020;11:06:22;1208;295;30.9;0.45;55.8;43.9;0.228;83.798;367.662
V7;S;2;L_V7_2;9;06/10/2020;11:05:42;1367;129;30.9;0.585;31.7;43.9;0.228;83.798;367.662
V7;S;2;L_V7_2;9;06/10/2020;11:05:22;1414;0;30.9;0.701;0;43.9;0.228;83.798;367.662
V7;S;2;L_V7_2;9;06/10/2020;11:07:41;899;1189;31.4;0.175;87.4;43.9;0.228;83.798;367.662
V7;S;2;L_V7_2;9;06/10/2020;11:06:41;1132;435;31;0.361;66;43.9;0.228;83.798;367.662
V7;S;2;L_V7_2;9;06/10/2020;11:07:01;1040;651;31.1;0.271;74.1;43.9;0.228;83.798;367.662
V7;S;2;L_V7_2;9;06/10/2020;11:07:21;960;850;31.4;0.227;81;43.9;0.228;83.798;367.662
V7;S;2;L_V7_2;9;06/10/2020;11:08:01;853;1551;31.6;0.132;86;43.9;0.228;83.798;367.662
V7;S;3;L_V7_3;9;07/10/2020;10:59:33;1386;435;31.6;0.286;52.3;41.8;0.242;54.285;224.763
V7;S;3;L_V7_3;9;07/10/2020;11:00:13;1239;850;31.9;0.153;54.6;41.8;0.242;54.285;224.763
V7;S;3;L_V7_3;9;07/10/2020;11:00:33;1153;1190;32.3;0.114;57;41.8;0.242;54.285;224.763
V7;S;3;L_V7_3;9;07/10/2020;11:00:53;1071;1551;32.9;0.081;52.8;41.8;0.242;54.285;224.763
V7;S;3;L_V7_3;9;07/10/2020;10:58:33;1541;129;31.4;0.544;29.5;41.8;0.242;54.285;224.763
V7;S;3;L_V7_3;9;07/10/2020;10:59:13;1458;295;31.4;0.363;45;41.8;0.242;54.285;224.763
V7;S;3;L_V7_3;9;07/10/2020;10:58:13;1617;0;31.4;0.715;0;41.8;0.242;54.285;224.763
V7;S;3;L_V7_3;9;07/10/2020;10:59:53;1315;651;31.9;0.194;53;41.8;0.242;54.285;224.763
V7;S;3;L_V7_3;9;07/10/2020;10:58:53;1464;197;31.4;0.464;38.4;41.8;0.242;54.285;224.763
V7;S;4;L_V7_4;9;08/10/2020;10:49:59;1475;0;30.3;0.704;0;45;0.244;65.702;269.696
V7;S;4;L_V7_4;9;08/10/2020;10:52:39;1282;1550;31.4;0.104;67.7;45;0.244;65.702;269.696
V7;S;4;L_V7_4;9;08/10/2020;10:51:19;1467;435;29.9;0.312;57;45;0.244;65.702;269.696
V7;S;4;L_V7_4;9;08/10/2020;10:51:59;1397;850;30.4;0.186;66.4;45;0.244;65.702;269.696
V7;S;4;L_V7_4;9;08/10/2020;10:51:39;1433;650;30.1;0.23;62.8;45;0.244;65.702;269.696
V7;S;4;L_V7_4;9;08/10/2020;10:52:19;1341;1189;30.9;0.135;67.4;45;0.244;65.702;269.696
V7;S;4;L_V7_4;9;08/10/2020;10:50:19;1534;129;29.9;0.593;32.1;45;0.244;65.702;269.696
V7;S;4;L_V7_4;9;08/10/2020;10:50:39;1516;197;29.9;0.516;42.7;45;0.244;65.702;269.696
V7;S;4;L_V7_4;9;08/10/2020;10:50:59;1518;295;29.9;0.405;50.2;45;0.244;65.702;269.696
V7;S;7;L_V7_7;9;06/10/2020;11:01:13;1440;0;31.2;0.708;0;46.6;0.22;64.984;294.964
V7;S;7;L_V7_7;9;06/10/2020;11:03:13;1052;850;31.4;0.181;64.6;46.6;0.22;64.984;294.964
V7;S;7;L_V7_7;9;06/10/2020;11:03:33;986;1188;31.6;0.133;66.4;46.6;0.22;64.984;294.964
V7;S;7;L_V7_7;9;06/10/2020;11:02:33;1191;435;31.1;0.3;54.8;46.6;0.22;64.984;294.964
V7;S;7;L_V7_7;9;06/10/2020;11:01:33;1399;129;31.1;0.56;30.3;46.6;0.22;64.984;294.964
V7;S;7;L_V7_7;9;06/10/2020;11:02:53;1119;650;31.2;0.217;59.2;46.6;0.22;64.984;294.964
V7;S;7;L_V7_7;9;06/10/2020;11:03:52;924;1549;31.9;0.107;69.6;46.6;0.22;64.984;294.964
V7;S;7;L_V7_7;9;06/10/2020;11:02:13;1262;295;31.1;0.387;47.9;46.6;0.22;64.984;294.964
V7;S;7;L_V7_7;9;06/10/2020;11:01:53;1333;196;31;0.482;39.7;46.6;0.22;64.984;294.964
V7;S;8;L_V7_8;9;07/10/2020;10:54:46;1447;197;29.9;0.421;34.8;47.4;0.198;55.95;283.154
V7;S;8;L_V7_8;9;07/10/2020;10:55:06;1377;295;29.8;0.34;42.1;47.4;0.198;55.95;283.154
V7;S;8;L_V7_8;9;07/10/2020;10:56:06;1282;850;30.4;0.151;53.9;47.4;0.198;55.95;283.154
V7;S;8;L_V7_8;9;07/10/2020;10:55:26;1333;435;29.9;0.26;47.5;47.4;0.198;55.95;283.154
V7;S;8;L_V7_8;9;07/10/2020;10:55:46;1307;651;30.1;0.194;53;47.4;0.198;55.95;283.154
V7;S;8;L_V7_8;9;07/10/2020;10:54:26;1516;129;29.9;0.501;27.1;47.4;0.198;55.95;283.154
V7;S;8;L_V7_8;9;07/10/2020;10:56:46;1212;1551;31.2;0.088;57.3;47.4;0.198;55.95;283.154
V7;S;8;L_V7_8;9;07/10/2020;10:56:26;1243;1189;30.9;0.121;60.4;47.4;0.198;55.95;283.154
V7;S;8;L_V7_8;9;07/10/2020;10:54:06;1554;0;30.1;0.69;0;47.4;0.198;55.95;283.154
V7;S;9;L_V7_9;9;08/10/2020;10:47:57;1355;849;29.9;0.246;87.7;47.3;0.24;97.229;404.375
V7;S;9;L_V7_9;9;08/10/2020;10:48:17;1300;1188;30.2;0.217;108.3;47.3;0.24;97.229;404.375
V7;S;9;L_V7_9;9;08/10/2020;10:48:37;1279;1548;30.4;0.149;96.9;47.3;0.24;97.229;404.375
V7;S;9;L_V7_9;9;08/10/2020;10:47:37;1387;650;30;0.304;83;47.3;0.24;97.229;404.375
V7;S;9;L_V7_9;9;08/10/2020;10:45:57;1469;0;30.7;0.698;0;47.3;0.24;97.229;404.375
V7;S;9;L_V7_9;9;08/10/2020;10:46:37;1474;196;30.1;0.583;48;47.3;0.24;97.229;404.375
V7;S;9;L_V7_9;9;08/10/2020;10:46:57;1467;295;29.9;0.501;62.1;47.3;0.24;97.229;404.375
V7;S;9;L_V7_9;9;08/10/2020;10:46:17;1462;129;30.3;0.622;33.7;47.3;0.24;97.229;404.375
V7;S;9;L_V7_9;9;08/10/2020;10:47:17;1435;434;30;0.403;73.5;47.3;0.24;97.229;404.375
V8;C;2;C_V8_2;9;06/10/2020;09:02:52;1364;193;29.3;0.37;30;32.8;0.249;34.495;138.606
V8;C;2;C_V8_2;9;06/10/2020;09:02:12;1636;0;29.5;0.741;0;32.8;0.249;34.495;138.606
V8;C;2;C_V8_2;9;06/10/2020;09:04:52;1001;1524;30.6;0.054;34.6;32.8;0.249;34.495;138.606
V8;C;2;C_V8_2;9;06/10/2020;09:03:32;1242;427;29.4;0.192;34.4;32.8;0.249;34.495;138.606
V8;C;2;C_V8_2;9;06/10/2020;09:02:32;1491;127;29.4;0.478;25.5;32.8;0.249;34.495;138.606
V8;C;2;C_V8_2;9;06/10/2020;09:03:52;1183;639;29.6;0.128;34.4;32.8;0.249;34.495;138.606
V8;C;2;C_V8_2;9;06/10/2020;09:03:12;1298;289;29.3;0.27;32.8;32.8;0.249;34.495;138.606
V8;C;2;C_V8_2;9;06/10/2020;09:04:12;1119;835;29.9;0.099;34.7;32.8;0.249;34.495;138.606
V8;C;2;C_V8_2;9;06/10/2020;09:04:32;1060;1169;30.4;0.071;34.9;32.8;0.249;34.495;138.606
V8;C;3;C_V8_3;9;07/10/2020;08:56:25;1499;0;30.7;0.719;0;31.2;0.243;40.074;164.979
V8;C;3;C_V8_3;9;07/10/2020;08:57:45;916;428;30.6;0.217;39;31.2;0.243;40.074;164.979
V8;C;3;C_V8_3;9;07/10/2020;08:57:05;1155;194;30.4;0.415;33.8;31.2;0.243;40.074;164.979
V8;C;3;C_V8_3;9;07/10/2020;08:56:45;1303;127;30.6;0.484;25.8;31.2;0.243;40.074;164.979
V8;C;3;C_V8_3;9;07/10/2020;08:58:45;712;1172;31.9;0.083;40.9;31.2;0.243;40.074;164.979
V8;C;3;C_V8_3;9;07/10/2020;08:58:05;841;641;30.9;0.149;40.1;31.2;0.243;40.074;164.979
V8;C;3;C_V8_3;9;07/10/2020;08:59:04;661;1528;32.2;0.061;39.1;31.2;0.243;40.074;164.979
V8;C;3;C_V8_3;9;07/10/2020;08:57:25;1016;290;30.3;0.303;36.9;31.2;0.243;40.074;164.979
V8;C;3;C_V8_3;9;07/10/2020;08:58:25;769;837;31.4;0.117;41.1;31.2;0.243;40.074;164.979
V8;C;4;C_V8_4;9;08/10/2020;08:54:25;887;1175;31.6;0.073;36;34.6;0.288;35.936;124.927
V8;C;4;C_V8_4;9;08/10/2020;08:53:45;1016;643;31;0.136;36.7;34.6;0.288;35.936;124.927
V8;C;4;C_V8_4;9;08/10/2020;08:52:05;1549;0;30.6;0.722;0;34.6;0.288;35.936;124.927
V8;C;4;C_V8_4;9;08/10/2020;08:54:45;830;1531;31.9;0.053;34.1;34.6;0.288;35.936;124.927
V8;C;4;C_V8_4;9;08/10/2020;08:53:25;1092;429;30.9;0.198;35.7;34.6;0.288;35.936;124.927
V8;C;4;C_V8_4;9;08/10/2020;08:53:05;1164;291;30.6;0.287;35.1;34.6;0.288;35.936;124.927
V8;C;4;C_V8_4;9;08/10/2020;08:54:05;951;839;31.2;0.107;37.7;34.6;0.288;35.936;124.927
V8;C;4;C_V8_4;9;08/10/2020;08:52:25;1416;127;30.4;0.53;28.3;34.6;0.288;35.936;124.927
V8;C;4;C_V8_4;9;08/10/2020;08:52:45;1281;194;30.4;0.39;31.8;34.6;0.288;35.936;124.927
V8;C;7;C_V8_7;9;06/10/2020;08:57:36;1603;0;29.1;0.731;0;31.8;0.276;39.079;141.531
V8;C;7;C_V8_7;9;06/10/2020;08:58:56;1170;426;29.1;0.22;39.4;31.8;0.276;39.079;141.531
V8;C;7;C_V8_7;9;06/10/2020;08:59:56;925;1165;29.8;0.078;38.2;31.8;0.276;39.079;141.531
V8;C;7;C_V8_7;9;06/10/2020;08:57:56;1456;126;28.8;0.52;27.5;31.8;0.276;39.079;141.531
V8;C;7;C_V8_7;9;06/10/2020;08:58:16;1312;192;28.8;0.412;33.2;31.8;0.276;39.079;141.531
V8;C;7;C_V8_7;9;06/10/2020;08:58:36;1220;289;28.8;0.339;41.1;31.8;0.276;39.079;141.531
V8;C;7;C_V8_7;9;06/10/2020;08:59:36;999;833;29.6;0.112;39.2;31.8;0.276;39.079;141.531
V8;C;7;C_V8_7;9;06/10/2020;08:59:16;1112;637;29.4;0.147;39.3;31.8;0.276;39.079;141.531
V8;C;7;C_V8_7;9;06/10/2020;09:00:16;866;1519;30.3;0.058;37;31.8;0.276;39.079;141.531
V8;C;8;C_V8_8;9;07/10/2020;09:01:10;1073;194;31.1;0.356;29;31.9;0.23;33.693;146.787
V8;C;8;C_V8_8;9;07/10/2020;09:01:30;971;291;31.4;0.262;32;31.9;0.23;33.693;146.787
V8;C;8;C_V8_8;9;07/10/2020;09:03:10;714;1531;32.9;0.052;33.4;31.9;0.23;33.693;146.787
V8;C;8;C_V8_8;9;07/10/2020;09:00:50;1192;127;31.1;0.447;23.8;31.9;0.23;33.693;146.787
V8;C;8;C_V8_8;9;07/10/2020;09:00:30;1408;0;31.4;0.705;0;31.9;0.23;33.693;146.787
V8;C;8;C_V8_8;9;07/10/2020;09:02:30;793;839;32;0.097;34.2;31.9;0.23;33.693;146.787
V8;C;8;C_V8_8;9;07/10/2020;09:01:50;904;429;31.6;0.19;34.2;31.9;0.23;33.693;146.787
V8;C;8;C_V8_8;9;07/10/2020;09:02:10;845;643;31.8;0.125;33.8;31.9;0.23;33.693;146.787
V8;C;8;C_V8_8;9;07/10/2020;09:02:50;750;1175;32.4;0.067;33.1;31.9;0.23;33.693;146.787
V8;C;9;C_V8_9;9;08/10/2020;08:57:31;880;292;30.9;0.268;32.9;29.7;0.243;33.724;138.965
V8;C;9;C_V8_9;9;08/10/2020;08:57:51;809;430;31;0.187;33.8;29.7;0.243;33.724;138.965
V8;C;9;C_V8_9;9;08/10/2020;08:59:11;660;1536;31.9;0.048;31;29.7;0.243;33.724;138.965
V8;C;9;C_V8_9;9;08/10/2020;08:56:31;1285;0;31.1;0.7;0;29.7;0.243;33.724;138.965
V8;C;9;C_V8_9;9;08/10/2020;08:58:11;763;644;31.2;0.125;33.8;29.7;0.243;33.724;138.965
V8;C;9;C_V8_9;9;08/10/2020;08:58:51;689;1177;31.6;0.067;33.1;29.7;0.243;33.724;138.965
V8;C;9;C_V8_9;9;08/10/2020;08:58:31;724;842;31.3;0.104;36.8;29.7;0.243;33.724;138.965
V8;C;9;C_V8_9;9;08/10/2020;08:57:11;962;195;30.9;0.36;29.5;29.7;0.243;33.724;138.965
V8;C;9;C_V8_9;9;08/10/2020;08:56:51;1100;128;30.9;0.46;24.7;29.7;0.243;33.724;138.965
V8;S-AF;2;D_V8_2;9;06/10/2020;10:24:20;1130;433;31.4;0.249;45.3;42.3;0.219;45.01;205.414
V8;S-AF;2;D_V8_2;9;06/10/2020;10:23:20;1336;129;31.4;0.49;26.5;42.3;0.219;45.01;205.414
V8;S-AF;2;D_V8_2;9;06/10/2020;10:25:20;1005;1185;32.7;0.094;46.8;42.3;0.219;45.01;205.414
V8;S-AF;2;D_V8_2;9;06/10/2020;10:25:00;1050;847;32.2;0.127;45.2;42.3;0.219;45.01;205.414
V8;S-AF;2;D_V8_2;9;06/10/2020;10:25:40;968;1544;33.1;0.069;44.7;42.3;0.219;45.01;205.414
V8;S-AF;2;D_V8_2;9;06/10/2020;10:23:00;1564;0;31.4;0.735;0;42.3;0.219;45.01;205.414
V8;S-AF;2;D_V8_2;9;06/10/2020;10:23:40;1229;196;31.1;0.402;33.1;42.3;0.219;45.01;205.414
V8;S-AF;2;D_V8_2;9;06/10/2020;10:24:00;1164;294;31.1;0.307;37.9;42.3;0.219;45.01;205.414
V8;S-AF;2;D_V8_2;9;06/10/2020;10:24:40;1093;648;31.9;0.158;43;42.3;0.219;45.01;205.414
V8;S-AF;3;D_V8_3;9;07/10/2020;10:07:21;1539;0;31.2;0.73;0;32.7;0.189;39.473;208.368
V8;S-AF;3;D_V8_3;9;07/10/2020;10:09:01;831;649;32.2;0.138;37.6;32.7;0.189;39.473;208.368
V8;S-AF;3;D_V8_3;9;07/10/2020;10:07:41;1163;129;31.2;0.434;23.5;32.7;0.189;39.473;208.368
V8;S-AF;3;D_V8_3;9;07/10/2020;10:10:01;733;1546;33.2;0.063;40.9;32.7;0.189;39.473;208.368
V8;S-AF;3;D_V8_3;9;07/10/2020;10:08:01;1046;196;31.4;0.35;28.8;32.7;0.189;39.473;208.368
V8;S-AF;3;D_V8_3;9;07/10/2020;10:08:21;955;294;31.6;0.271;33.5;32.7;0.189;39.473;208.368
V8;S-AF;3;D_V8_3;9;07/10/2020;10:08:41;886;434;31.9;0.203;37;32.7;0.189;39.473;208.368
V8;S-AF;3;D_V8_3;9;07/10/2020;10:09:21;790;848;32.4;0.11;39.2;32.7;0.189;39.473;208.368
V8;S-AF;3;D_V8_3;9;07/10/2020;10:09:41;763;1185;32.8;0.084;41.8;32.7;0.189;39.473;208.368
V8;S-AF;4;D_V8_4;9;08/10/2020;10:19:38;1157;649;31.1;0.153;41.7;41.2;0.19;43.633;229.603
V8;S-AF;4;D_V8_4;9;08/10/2020;10:20:38;1077;1546;32.2;0.071;46.1;41.2;0.19;43.633;229.603
V8;S-AF;4;D_V8_4;9;08/10/2020;10:18:38;1231;196;30.6;0.372;30.6;41.2;0.19;43.633;229.603
V8;S-AF;4;D_V8_4;9;08/10/2020;10:18:58;1207;294;30.7;0.291;35.9;41.2;0.19;43.633;229.603
V8;S-AF;4;D_V8_4;9;08/10/2020;10:19:58;1134;848;31.4;0.123;43.8;41.2;0.19;43.633;229.603
V8;S-AF;4;D_V8_4;9;08/10/2020;10:19:18;1183;434;30.9;0.216;39.4;41.2;0.19;43.633;229.603
V8;S-AF;4;D_V8_4;9;08/10/2020;10:17:58;1526;1;30.8;0.729;0.3;41.2;0.19;43.633;229.603
V8;S-AF;4;D_V8_4;9;08/10/2020;10:18:18;1289;129;30.6;0.445;24.1;41.2;0.19;43.633;229.603
V8;S-AF;4;D_V8_4;9;08/10/2020;10:20:18;1106;1186;31.7;0.09;44.8;41.2;0.19;43.633;229.603
V8;S-AF;7;D_V8_7;9;06/10/2020;10:19:51;1142;433;30.6;0.236;42.9;35.1;0.239;45.26;189.167
V8;S-AF;7;D_V8_7;9;06/10/2020;10:19:31;1183;294;30.4;0.324;40;35.1;0.239;45.26;189.167
V8;S-AF;7;D_V8_7;9;06/10/2020;10:20:31;1111;847;31.4;0.128;45.5;35.1;0.239;45.26;189.167
V8;S-AF;7;D_V8_7;9;06/10/2020;10:20:51;1047;1184;31.9;0.093;46.2;35.1;0.239;45.26;189.167
V8;S-AF;7;D_V8_7;9;06/10/2020;10:19:11;1249;196;30.4;0.42;34.6;35.1;0.239;45.26;189.167
V8;S-AF;7;D_V8_7;9;06/10/2020;10:21:11;999;1544;32.2;0.07;45.4;35.1;0.239;45.26;189.167
V8;S-AF;7;D_V8_7;9;06/10/2020;10:18:51;1352;129;30.4;0.524;28.4;35.1;0.239;45.26;189.167
V8;S-AF;7;D_V8_7;9;06/10/2020;10:20:11;1155;648;31.1;0.169;46;35.1;0.239;45.26;189.167
V8;S-AF;7;D_V8_7;9;06/10/2020;10:18:31;1574;0;30.6;0.731;0;35.1;0.239;45.26;189.167
V8;S-AF;8;D_V8_8;9;07/10/2020;10:05:11;1251;1186;30.7;0.107;53.3;34.3;0.243;50.728;209.005
V8;S-AF;8;D_V8_8;9;07/10/2020;10:04:51;1310;847;30.4;0.142;50.5;34.3;0.243;50.728;209.005
V8;S-AF;8;D_V8_8;9;07/10/2020;10:03:31;1417;196;29.8;0.453;37.3;34.3;0.243;50.728;209.005
V8;S-AF;8;D_V8_8;9;07/10/2020;10:04:11;1345;434;30;0.257;46.8;34.3;0.243;50.728;209.005
V8;S-AF;8;D_V8_8;9;07/10/2020;10:03:11;1506;129;29.9;0.554;30;34.3;0.243;50.728;209.005
V8;S-AF;8;D_V8_8;9;07/10/2020;10:02:51;1550;0;30.6;0.726;0;34.3;0.243;50.728;209.005
V8;S-AF;8;D_V8_8;9;07/10/2020;10:04:31;1337;649;30.2;0.178;48.5;34.3;0.243;50.728;209.005
V8;S-AF;8;D_V8_8;9;07/10/2020;10:05:31;1174;1546;31.1;0.082;53.2;34.3;0.243;50.728;209.005
V8;S-AF;8;D_V8_8;9;07/10/2020;10:03:51;1369;294;29.8;0.348;43;34.3;0.243;50.728;209.005
V8;S-AF;9;D_V8_9;9;08/10/2020;10:15:20;1193;649;31.1;0.127;34.6;38.2;0.212;35.41;166.962
V8;S-AF;9;D_V8_9;9;08/10/2020;10:15:00;1231;434;30.9;0.189;34.5;38.2;0.212;35.41;166.962
V8;S-AF;9;D_V8_9;9;08/10/2020;10:14:40;1260;294;30.6;0.261;32.2;38.2;0.212;35.41;166.962
V8;S-AF;9;D_V8_9;9;08/10/2020;10:16:00;1112;1186;31.7;0.071;35.4;38.2;0.212;35.41;166.962
V8;S-AF;9;D_V8_9;9;08/10/2020;10:13:40;1606;0;30.5;0.735;0;38.2;0.212;35.41;166.962
V8;S-AF;9;D_V8_9;9;08/10/2020;10:14:20;1308;196;30.6;0.349;28.7;38.2;0.212;35.41;166.962
V8;S-AF;9;D_V8_9;9;08/10/2020;10:14:00;1389;129;30.5;0.443;24;38.2;0.212;35.41;166.962
V8;S-AF;9;D_V8_9;9;08/10/2020;10:16:20;1070;1547;32.2;0.057;37;38.2;0.212;35.41;166.962
V8;S-AF;9;D_V8_9;9;08/10/2020;10:15:40;1155;848;31.3;0.101;36;38.2;0.212;35.41;166.962
V8;S;2;L_V8_2;9;06/10/2020;11:25:06;896;1190;33.2;0.126;63;41.2;0.243;62.077;255.263
V8;S;2;L_V8_2;9;06/10/2020;11:24:26;1037;652;32.6;0.222;60.8;41.2;0.243;62.077;255.263
V8;S;2;L_V8_2;9;06/10/2020;11:24:46;968;851;32.9;0.175;62.5;41.2;0.243;62.077;255.263
V8;S;2;L_V8_2;9;06/10/2020;11:23:06;1414;130;31.9;0.574;31.3;41.2;0.243;62.077;255.263
V8;S;2;L_V8_2;9;06/10/2020;11:25:26;844;1553;33.6;0.097;63.3;41.2;0.243;62.077;255.263
V8;S;2;L_V8_2;9;06/10/2020;11:24:06;1122;436;32.4;0.304;55.7;41.2;0.243;62.077;255.263
V8;S;2;L_V8_2;9;06/10/2020;11:23:26;1309;197;32.1;0.495;41;41.2;0.243;62.077;255.263
V8;S;2;L_V8_2;9;06/10/2020;11:23:46;1201;295;32.2;0.396;49.1;41.2;0.243;62.077;255.263
V8;S;2;L_V8_2;9;06/10/2020;11:22:46;1455;0;32;0.711;0;41.2;0.243;62.077;255.263
V8;S;3;L_V8_3;9;07/10/2020;11:18:10;1111;1192;31.1;0.12;60.1;43.1;0.189;58.293;308.211
V8;S;3;L_V8_3;9;07/10/2020;11:17:30;1216;652;30.9;0.192;52.6;43.1;0.189;58.293;308.211
V8;S;3;L_V8_3;9;07/10/2020;11:18:30;1053;1555;31.6;0.096;62.7;43.1;0.189;58.293;308.211
V8;S;3;L_V8_3;9;07/10/2020;11:17:10;1244;436;30.7;0.265;48.5;43.1;0.189;58.293;308.211
V8;S;3;L_V8_3;9;07/10/2020;11:16:10;1338;130;30.9;0.484;26.4;43.1;0.189;58.293;308.211
V8;S;3;L_V8_3;9;07/10/2020;11:17:50;1167;852;31;0.159;56.9;43.1;0.189;58.293;308.211
V8;S;3;L_V8_3;9;07/10/2020;11:15:50;1545;0;31.4;0.717;0;43.1;0.189;58.293;308.211
V8;S;3;L_V8_3;9;07/10/2020;11:16:50;1253;296;30.7;0.339;42.1;43.1;0.189;58.293;308.211
V8;S;3;L_V8_3;9;07/10/2020;11:16:30;1284;197;30.9;0.423;35;43.1;0.189;58.293;308.211
V8;S;4;L_V8_4;9;08/10/2020;11:10:37;1388;435;30.7;0.202;36.9;37;0.208;39.367;189.456
V8;S;4;L_V8_4;9;08/10/2020;11:11:37;1328;1191;31.3;0.087;43.5;37;0.208;39.367;189.456
V8;S;4;L_V8_4;9;08/10/2020;11:11:17;1355;851;30.9;0.111;39.7;37;0.208;39.367;189.456
V8;S;4;L_V8_4;9;08/10/2020;11:09:17;1565;0;31.4;0.717;0;37;0.208;39.367;189.456
V8;S;4;L_V8_4;9;08/10/2020;11:09:37;1494;129;30.9;0.46;24.9;37;0.208;39.367;189.456
V8;S;4;L_V8_4;9;08/10/2020;11:11:57;1276;1553;31.6;0.059;38.5;37;0.208;39.367;189.456
V8;S;4;L_V8_4;9;08/10/2020;11:09:57;1414;197;30.6;0.365;30.2;37;0.208;39.367;189.456
V8;S;4;L_V8_4;9;08/10/2020;11:10:17;1390;295;30.6;0.279;34.6;37;0.208;39.367;189.456
V8;S;4;L_V8_4;9;08/10/2020;11:10:57;1378;651;30.8;0.139;38;37;0.208;39.367;189.456
V8;S;7;L_V8_7;9;06/10/2020;11:20:49;995;851;32.5;0.105;37.5;36.6;0.166;36.256;218.999
V8;S;7;L_V8_7;9;06/10/2020;11:21:09;957;1190;32.9;0.075;37.5;36.6;0.166;36.256;218.999
V8;S;7;L_V8_7;9;06/10/2020;11:19:29;1165;197;32.1;0.312;25.8;36.6;0.166;36.256;218.999
V8;S;7;L_V8_7;9;06/10/2020;11:20:09;1070;435;32.2;0.184;33.6;36.6;0.166;36.256;218.999
V8;S;7;L_V8_7;9;06/10/2020;11:18:49;1359;0;32.2;0.706;0;36.6;0.166;36.256;218.999
V8;S;7;L_V8_7;9;06/10/2020;11:21:29;921;1553;33.3;0.055;35.9;36.6;0.166;36.256;218.999
V8;S;7;L_V8_7;9;06/10/2020;11:20:29;1030;651;32.4;0.13;35.5;36.6;0.166;36.256;218.999
V8;S;7;L_V8_7;9;06/10/2020;11:19:49;1118;295;32.2;0.246;30.5;36.6;0.166;36.256;218.999
V8;S;7;L_V8_7;9;06/10/2020;11:19:09;1234;129;31.9;0.382;20.7;36.6;0.166;36.256;218.999
V8;S;8;L_V8_8;9;07/10/2020;11:12:33;1104;436;31.2;0.341;62.4;34.9;0.227;76.073;334.903
V8;S;8;L_V8_8;9;07/10/2020;11:11:53;1318;197;31.2;0.511;42.3;34.9;0.227;76.073;334.903
V8;S;8;L_V8_8;9;07/10/2020;11:13:33;898;1191;31.6;0.16;80;34.9;0.227;76.073;334.903
V8;S;8;L_V8_8;9;07/10/2020;11:12:13;1201;296;31.3;0.432;53.7;34.9;0.227;76.073;334.903
V8;S;8;L_V8_8;9;07/10/2020;11:11:33;1402;130;31.4;0.561;30.6;34.9;0.227;76.073;334.903
V8;S;8;L_V8_8;9;07/10/2020;11:12:53;1022;652;31.2;0.254;69.6;34.9;0.227;76.073;334.903
V8;S;8;L_V8_8;9;07/10/2020;11:13:53;839;1553;31.9;0.119;77.6;34.9;0.227;76.073;334.903
V8;S;8;L_V8_8;9;07/10/2020;11:11:13;1392;0;31.8;0.672;0;34.9;0.227;76.073;334.903
V8;S;8;L_V8_8;9;07/10/2020;11:13:13;957;852;31.4;0.206;73.7;34.9;0.227;76.073;334.903
V8;S;9;L_V8_9;9;08/10/2020;11:03:44;1463;197;29.9;0.541;44.8;44.4;0.258;71.351;276.412
V8;S;9;L_V8_9;9;08/10/2020;11:05:44;1147;1552;31.3;0.111;72.4;44.4;0.258;71.351;276.412
V8;S;9;L_V8_9;9;08/10/2020;11:05:24;1201;1190;31;0.145;72.5;44.4;0.258;71.351;276.412
V8;S;9;L_V8_9;9;08/10/2020;11:04:24;1336;435;30.4;0.35;63.9;44.4;0.258;71.351;276.412
V8;S;9;L_V8_9;9;08/10/2020;11:05:04;1246;851;30.6;0.201;71.8;44.4;0.258;71.351;276.412
V8;S;9;L_V8_9;9;08/10/2020;11:04:04;1401;295;30.1;0.446;55.3;44.4;0.258;71.351;276.412
V8;S;9;L_V8_9;9;08/10/2020;11:04:44;1284;651;30.6;0.249;68.1;44.4;0.258;71.351;276.412
V8;S;9;L_V8_9;9;08/10/2020;11:03:24;1510;129;29.9;0.595;32.2;44.4;0.258;71.351;276.412
V8;S;9;L_V8_9;9;08/10/2020;11:03:04;1513;0;30.1;0.695;0;44.4;0.258;71.351;276.412